0.000000000000000000e+00	9.900000000000000000e+02	0.000000000000000000e+00	0.000000000000000000e+00	0.000000000000000000e+00	1.000000000000000000e+01	0.000000000000000000e+00	0.000000000000000000e+00	0.000000000000000000e+00	0.000000000000000000e+00
1.003344481605351168e+00	9.846000000000000227e+02	0.000000000000000000e+00	4.799999999999999822e+00	0.000000000000000000e+00	9.300000000000000711e+00	0.000000000000000000e+00	1.300000000000000044e+00	0.000000000000000000e+00	0.000000000000000000e+00
2.006688963210702337e+00	9.797000000000000455e+02	0.000000000000000000e+00	8.099999999999999645e+00	0.000000000000000000e+00	9.099999999999999645e+00	0.000000000000000000e+00	3.100000000000000089e+00	0.000000000000000000e+00	0.000000000000000000e+00
3.010033444816053283e+00	9.761000000000000227e+02	0.000000000000000000e+00	1.019999999999999929e+01	0.000000000000000000e+00	9.400000000000000355e+00	0.000000000000000000e+00	4.299999999999999822e+00	0.000000000000000000e+00	0.000000000000000000e+00
4.013377926421404673e+00	9.711000000000000227e+02	0.000000000000000000e+00	1.290000000000000036e+01	0.000000000000000000e+00	1.090000000000000036e+01	0.000000000000000000e+00	5.099999999999999645e+00	0.000000000000000000e+00	0.000000000000000000e+00
5.016722408026756064e+00	9.666000000000000227e+02	0.000000000000000000e+00	1.490000000000000036e+01	0.000000000000000000e+00	1.140000000000000036e+01	0.000000000000000000e+00	7.099999999999999645e+00	0.000000000000000000e+00	0.000000000000000000e+00
6.020066889632106566e+00	9.605000000000000000e+02	0.000000000000000000e+00	1.680000000000000071e+01	0.000000000000000000e+00	1.409999999999999964e+01	0.000000000000000000e+00	8.599999999999999645e+00	0.000000000000000000e+00	0.000000000000000000e+00
7.023411371237457956e+00	9.547999999999999545e+02	0.000000000000000000e+00	1.930000000000000071e+01	0.000000000000000000e+00	1.490000000000000036e+01	0.000000000000000000e+00	1.100000000000000000e+01	0.000000000000000000e+00	0.000000000000000000e+00
8.026755852842809347e+00	9.482999999999999545e+02	0.000000000000000000e+00	2.130000000000000071e+01	0.000000000000000000e+00	1.710000000000000142e+01	0.000000000000000000e+00	1.330000000000000071e+01	0.000000000000000000e+00	0.000000000000000000e+00
9.030100334448160737e+00	9.402999999999999545e+02	0.000000000000000000e+00	2.489999999999999858e+01	0.000000000000000000e+00	1.880000000000000071e+01	0.000000000000000000e+00	1.600000000000000000e+01	0.000000000000000000e+00	0.000000000000000000e+00
1.003344481605351213e+01	9.331000000000000227e+02	0.000000000000000000e+00	2.789999999999999858e+01	0.000000000000000000e+00	1.980000000000000071e+01	0.000000000000000000e+00	1.919999999999999929e+01	0.000000000000000000e+00	0.000000000000000000e+00
1.103678929765886352e+01	9.238999999999999773e+02	0.000000000000000000e+00	3.080000000000000071e+01	0.000000000000000000e+00	2.269999999999999929e+01	0.000000000000000000e+00	2.260000000000000142e+01	0.000000000000000000e+00	0.000000000000000000e+00
1.204013377926421313e+01	9.140000000000000000e+02	0.000000000000000000e+00	3.489999999999999858e+01	0.000000000000000000e+00	2.619999999999999929e+01	0.000000000000000000e+00	2.489999999999999858e+01	0.000000000000000000e+00	0.000000000000000000e+00
1.304347826086956452e+01	9.027999999999999545e+02	0.000000000000000000e+00	3.939999999999999858e+01	0.000000000000000000e+00	2.889999999999999858e+01	0.000000000000000000e+00	2.889999999999999858e+01	0.000000000000000000e+00	0.000000000000000000e+00
1.404682274247491591e+01	8.902999999999999545e+02	0.000000000000000000e+00	4.470000000000000284e+01	0.000000000000000000e+00	3.189999999999999858e+01	0.000000000000000000e+00	3.310000000000000142e+01	0.000000000000000000e+00	0.000000000000000000e+00
1.505016722408026730e+01	8.760000000000000000e+02	0.000000000000000000e+00	4.800000000000000000e+01	0.000000000000000000e+00	3.879999999999999716e+01	0.000000000000000000e+00	3.720000000000000284e+01	0.000000000000000000e+00	0.000000000000000000e+00
1.605351170568561869e+01	8.607999999999999545e+02	0.000000000000000000e+00	5.200000000000000000e+01	0.000000000000000000e+00	4.500000000000000000e+01	0.000000000000000000e+00	4.220000000000000284e+01	0.000000000000000000e+00	0.000000000000000000e+00
1.705685618729096831e+01	8.450000000000000000e+02	0.000000000000000000e+00	5.689999999999999858e+01	0.000000000000000000e+00	4.879999999999999716e+01	0.000000000000000000e+00	4.929999999999999716e+01	0.000000000000000000e+00	0.000000000000000000e+00
1.806020066889632147e+01	8.271000000000000227e+02	0.000000000000000000e+00	6.189999999999999858e+01	0.000000000000000000e+00	5.450000000000000000e+01	0.000000000000000000e+00	5.650000000000000000e+01	0.000000000000000000e+00	0.000000000000000000e+00
1.906354515050167109e+01	8.057999999999999545e+02	0.000000000000000000e+00	6.970000000000000284e+01	0.000000000000000000e+00	5.979999999999999716e+01	0.000000000000000000e+00	6.470000000000000284e+01	0.000000000000000000e+00	0.000000000000000000e+00
2.006688963210702425e+01	7.835000000000000000e+02	0.000000000000000000e+00	7.700000000000000000e+01	0.000000000000000000e+00	6.459999999999999432e+01	0.000000000000000000e+00	7.490000000000000568e+01	0.000000000000000000e+00	0.000000000000000000e+00
2.107023411371237387e+01	7.617999999999999545e+02	0.000000000000000000e+00	8.359999999999999432e+01	0.000000000000000000e+00	7.040000000000000568e+01	0.000000000000000000e+00	8.420000000000000284e+01	0.000000000000000000e+00	0.000000000000000000e+00
2.207357859531772704e+01	7.381000000000000227e+02	0.000000000000000000e+00	9.000000000000000000e+01	0.000000000000000000e+00	7.840000000000000568e+01	0.000000000000000000e+00	9.350000000000000000e+01	0.000000000000000000e+00	0.000000000000000000e+00
2.307692307692307665e+01	7.130000000000000000e+02	0.000000000000000000e+00	9.650000000000000000e+01	0.000000000000000000e+00	8.570000000000000284e+01	0.000000000000000000e+00	1.047999999999999972e+02	0.000000000000000000e+00	0.000000000000000000e+00
2.408026755852842626e+01	6.860000000000000000e+02	0.000000000000000000e+00	1.035999999999999943e+02	0.000000000000000000e+00	9.229999999999999716e+01	0.000000000000000000e+00	1.180999999999999943e+02	0.000000000000000000e+00	0.000000000000000000e+00
2.508361204013377943e+01	6.605000000000000000e+02	0.000000000000000000e+00	1.090000000000000000e+02	0.000000000000000000e+00	9.920000000000000284e+01	0.000000000000000000e+00	1.313000000000000114e+02	0.000000000000000000e+00	0.000000000000000000e+00
2.608695652173912904e+01	6.322000000000000455e+02	0.000000000000000000e+00	1.150000000000000000e+02	0.000000000000000000e+00	1.085000000000000000e+02	0.000000000000000000e+00	1.443000000000000114e+02	0.000000000000000000e+00	0.000000000000000000e+00
2.709030100334448221e+01	6.022999999999999545e+02	0.000000000000000000e+00	1.204000000000000057e+02	0.000000000000000000e+00	1.177000000000000028e+02	0.000000000000000000e+00	1.595999999999999943e+02	0.000000000000000000e+00	0.000000000000000000e+00
2.809364548494983183e+01	5.752000000000000455e+02	0.000000000000000000e+00	1.224000000000000057e+02	0.000000000000000000e+00	1.215999999999999943e+02	0.000000000000000000e+00	1.808000000000000114e+02	0.000000000000000000e+00	0.000000000000000000e+00
2.909698996655518499e+01	5.471000000000000227e+02	0.000000000000000000e+00	1.245999999999999943e+02	0.000000000000000000e+00	1.303000000000000114e+02	0.000000000000000000e+00	1.980000000000000000e+02	0.000000000000000000e+00	0.000000000000000000e+00
3.010033444816053461e+01	5.181000000000000227e+02	0.000000000000000000e+00	1.275999999999999943e+02	0.000000000000000000e+00	1.365000000000000000e+02	0.000000000000000000e+00	2.178000000000000114e+02	0.000000000000000000e+00	0.000000000000000000e+00
3.110367892976588777e+01	4.860000000000000000e+02	0.000000000000000000e+00	1.328000000000000114e+02	0.000000000000000000e+00	1.439000000000000057e+02	0.000000000000000000e+00	2.373000000000000114e+02	0.000000000000000000e+00	0.000000000000000000e+00
3.210702341137123739e+01	4.575000000000000000e+02	0.000000000000000000e+00	1.338000000000000114e+02	0.000000000000000000e+00	1.528000000000000114e+02	0.000000000000000000e+00	2.559000000000000057e+02	0.000000000000000000e+00	0.000000000000000000e+00
3.311036789297659055e+01	4.308999999999999773e+02	0.000000000000000000e+00	1.340000000000000000e+02	0.000000000000000000e+00	1.570999999999999943e+02	0.000000000000000000e+00	2.780000000000000000e+02	0.000000000000000000e+00	0.000000000000000000e+00
3.411371237458193661e+01	4.031000000000000227e+02	0.000000000000000000e+00	1.348000000000000114e+02	0.000000000000000000e+00	1.609000000000000057e+02	0.000000000000000000e+00	3.011999999999999886e+02	0.000000000000000000e+00	0.000000000000000000e+00
3.511705685618728978e+01	3.778999999999999773e+02	0.000000000000000000e+00	1.330999999999999943e+02	0.000000000000000000e+00	1.655999999999999943e+02	0.000000000000000000e+00	3.233999999999999773e+02	0.000000000000000000e+00	0.000000000000000000e+00
3.612040133779264295e+01	3.531000000000000227e+02	0.000000000000000000e+00	1.289000000000000057e+02	0.000000000000000000e+00	1.676999999999999886e+02	0.000000000000000000e+00	3.503000000000000114e+02	0.000000000000000000e+00	0.000000000000000000e+00
3.712374581939799612e+01	3.316999999999999886e+02	0.000000000000000000e+00	1.269000000000000057e+02	0.000000000000000000e+00	1.653000000000000114e+02	0.000000000000000000e+00	3.761000000000000227e+02	0.000000000000000000e+00	0.000000000000000000e+00
3.812709030100334218e+01	3.126000000000000227e+02	0.000000000000000000e+00	1.210000000000000000e+02	0.000000000000000000e+00	1.645999999999999943e+02	0.000000000000000000e+00	4.018000000000000114e+02	0.000000000000000000e+00	0.000000000000000000e+00
3.913043478260869534e+01	2.938000000000000114e+02	0.000000000000000000e+00	1.154000000000000057e+02	0.000000000000000000e+00	1.680000000000000000e+02	0.000000000000000000e+00	4.228000000000000114e+02	0.000000000000000000e+00	0.000000000000000000e+00
4.013377926421404851e+01	2.731000000000000227e+02	0.000000000000000000e+00	1.109000000000000057e+02	0.000000000000000000e+00	1.680999999999999943e+02	0.000000000000000000e+00	4.478999999999999773e+02	0.000000000000000000e+00	0.000000000000000000e+00
4.113712374581939457e+01	2.554000000000000057e+02	0.000000000000000000e+00	1.064000000000000057e+02	0.000000000000000000e+00	1.669000000000000057e+02	0.000000000000000000e+00	4.713000000000000114e+02	0.000000000000000000e+00	0.000000000000000000e+00
4.214046822742474774e+01	2.385000000000000000e+02	0.000000000000000000e+00	1.014000000000000057e+02	0.000000000000000000e+00	1.665000000000000000e+02	0.000000000000000000e+00	4.936000000000000227e+02	0.000000000000000000e+00	0.000000000000000000e+00
4.314381270903010090e+01	2.231999999999999886e+02	0.000000000000000000e+00	9.340000000000000568e+01	0.000000000000000000e+00	1.656999999999999886e+02	0.000000000000000000e+00	5.177000000000000455e+02	0.000000000000000000e+00	0.000000000000000000e+00
4.414715719063545407e+01	2.083000000000000114e+02	0.000000000000000000e+00	8.909999999999999432e+01	0.000000000000000000e+00	1.633000000000000114e+02	0.000000000000000000e+00	5.392999999999999545e+02	0.000000000000000000e+00	0.000000000000000000e+00
4.515050167224080013e+01	1.956999999999999886e+02	0.000000000000000000e+00	8.420000000000000284e+01	0.000000000000000000e+00	1.580999999999999943e+02	0.000000000000000000e+00	5.620000000000000000e+02	0.000000000000000000e+00	0.000000000000000000e+00
4.615384615384615330e+01	1.835999999999999943e+02	0.000000000000000000e+00	8.129999999999999716e+01	0.000000000000000000e+00	1.514000000000000057e+02	0.000000000000000000e+00	5.837000000000000455e+02	0.000000000000000000e+00	0.000000000000000000e+00
4.715719063545150647e+01	1.723000000000000114e+02	0.000000000000000000e+00	7.620000000000000284e+01	0.000000000000000000e+00	1.470999999999999943e+02	0.000000000000000000e+00	6.043999999999999773e+02	0.000000000000000000e+00	0.000000000000000000e+00
4.816053511705685253e+01	1.626999999999999886e+02	0.000000000000000000e+00	7.170000000000000284e+01	0.000000000000000000e+00	1.399000000000000057e+02	0.000000000000000000e+00	6.257000000000000455e+02	0.000000000000000000e+00	0.000000000000000000e+00
4.916387959866220569e+01	1.540999999999999943e+02	0.000000000000000000e+00	6.690000000000000568e+01	0.000000000000000000e+00	1.329000000000000057e+02	0.000000000000000000e+00	6.461000000000000227e+02	0.000000000000000000e+00	0.000000000000000000e+00
5.016722408026755886e+01	1.454000000000000057e+02	0.000000000000000000e+00	6.339999999999999858e+01	0.000000000000000000e+00	1.247000000000000028e+02	0.000000000000000000e+00	6.665000000000000000e+02	0.000000000000000000e+00	0.000000000000000000e+00
5.117056856187291203e+01	1.370000000000000000e+02	0.000000000000000000e+00	6.160000000000000142e+01	0.000000000000000000e+00	1.190000000000000000e+02	0.000000000000000000e+00	6.823999999999999773e+02	0.000000000000000000e+00	0.000000000000000000e+00
5.217391304347825809e+01	1.311999999999999886e+02	0.000000000000000000e+00	5.589999999999999858e+01	0.000000000000000000e+00	1.130999999999999943e+02	0.000000000000000000e+00	6.997999999999999545e+02	0.000000000000000000e+00	0.000000000000000000e+00
5.317725752508361126e+01	1.239000000000000057e+02	0.000000000000000000e+00	5.279999999999999716e+01	0.000000000000000000e+00	1.085999999999999943e+02	0.000000000000000000e+00	7.147000000000000455e+02	0.000000000000000000e+00	0.000000000000000000e+00
5.418060200668896442e+01	1.177000000000000028e+02	0.000000000000000000e+00	4.939999999999999858e+01	0.000000000000000000e+00	1.032000000000000028e+02	0.000000000000000000e+00	7.297000000000000455e+02	0.000000000000000000e+00	0.000000000000000000e+00
5.518394648829431759e+01	1.120999999999999943e+02	0.000000000000000000e+00	4.629999999999999716e+01	0.000000000000000000e+00	1.002000000000000028e+02	0.000000000000000000e+00	7.413999999999999773e+02	0.000000000000000000e+00	0.000000000000000000e+00
5.618729096989966365e+01	1.069000000000000057e+02	0.000000000000000000e+00	4.270000000000000284e+01	0.000000000000000000e+00	9.500000000000000000e+01	0.000000000000000000e+00	7.553999999999999773e+02	0.000000000000000000e+00	0.000000000000000000e+00
5.719063545150501682e+01	1.020000000000000000e+02	0.000000000000000000e+00	3.870000000000000284e+01	0.000000000000000000e+00	9.040000000000000568e+01	0.000000000000000000e+00	7.688999999999999773e+02	0.000000000000000000e+00	0.000000000000000000e+00
5.819397993311036998e+01	9.820000000000000284e+01	0.000000000000000000e+00	3.470000000000000284e+01	0.000000000000000000e+00	8.579999999999999716e+01	0.000000000000000000e+00	7.812999999999999545e+02	0.000000000000000000e+00	0.000000000000000000e+00
5.919732441471571605e+01	9.359999999999999432e+01	0.000000000000000000e+00	3.229999999999999716e+01	0.000000000000000000e+00	7.979999999999999716e+01	0.000000000000000000e+00	7.942999999999999545e+02	0.000000000000000000e+00	0.000000000000000000e+00
6.020066889632106921e+01	9.029999999999999716e+01	0.000000000000000000e+00	2.969999999999999929e+01	0.000000000000000000e+00	7.659999999999999432e+01	0.000000000000000000e+00	8.033999999999999773e+02	0.000000000000000000e+00	0.000000000000000000e+00
6.120401337792642238e+01	8.670000000000000284e+01	0.000000000000000000e+00	2.719999999999999929e+01	0.000000000000000000e+00	7.259999999999999432e+01	0.000000000000000000e+00	8.135000000000000000e+02	0.000000000000000000e+00	0.000000000000000000e+00
6.220735785953177555e+01	8.400000000000000000e+01	0.000000000000000000e+00	2.469999999999999929e+01	0.000000000000000000e+00	6.659999999999999432e+01	0.000000000000000000e+00	8.247000000000000455e+02	0.000000000000000000e+00	0.000000000000000000e+00
6.321070234113712161e+01	8.200000000000000000e+01	0.000000000000000000e+00	2.119999999999999929e+01	0.000000000000000000e+00	6.210000000000000142e+01	0.000000000000000000e+00	8.347000000000000455e+02	0.000000000000000000e+00	0.000000000000000000e+00
6.421404682274247477e+01	8.000000000000000000e+01	0.000000000000000000e+00	1.869999999999999929e+01	0.000000000000000000e+00	5.770000000000000284e+01	0.000000000000000000e+00	8.436000000000000227e+02	0.000000000000000000e+00	0.000000000000000000e+00
6.521739130434782794e+01	7.750000000000000000e+01	0.000000000000000000e+00	1.839999999999999858e+01	0.000000000000000000e+00	5.360000000000000142e+01	0.000000000000000000e+00	8.505000000000000000e+02	0.000000000000000000e+00	0.000000000000000000e+00
6.622073578595318111e+01	7.620000000000000284e+01	0.000000000000000000e+00	1.710000000000000142e+01	0.000000000000000000e+00	4.870000000000000284e+01	0.000000000000000000e+00	8.580000000000000000e+02	0.000000000000000000e+00	0.000000000000000000e+00
6.722408026755853427e+01	7.409999999999999432e+01	0.000000000000000000e+00	1.590000000000000036e+01	0.000000000000000000e+00	4.479999999999999716e+01	0.000000000000000000e+00	8.652000000000000455e+02	0.000000000000000000e+00	0.000000000000000000e+00
6.822742474916387323e+01	7.240000000000000568e+01	0.000000000000000000e+00	1.500000000000000000e+01	0.000000000000000000e+00	4.050000000000000000e+01	0.000000000000000000e+00	8.721000000000000227e+02	0.000000000000000000e+00	0.000000000000000000e+00
6.923076923076922640e+01	7.100000000000000000e+01	0.000000000000000000e+00	1.369999999999999929e+01	0.000000000000000000e+00	3.820000000000000284e+01	0.000000000000000000e+00	8.771000000000000227e+02	0.000000000000000000e+00	0.000000000000000000e+00
7.023411371237457956e+01	6.929999999999999716e+01	0.000000000000000000e+00	1.230000000000000071e+01	0.000000000000000000e+00	3.450000000000000000e+01	0.000000000000000000e+00	8.838999999999999773e+02	0.000000000000000000e+00	0.000000000000000000e+00
7.123745819397993273e+01	6.759999999999999432e+01	0.000000000000000000e+00	1.130000000000000071e+01	0.000000000000000000e+00	3.239999999999999858e+01	0.000000000000000000e+00	8.887000000000000455e+02	0.000000000000000000e+00	0.000000000000000000e+00
7.224080267558528590e+01	6.659999999999999432e+01	0.000000000000000000e+00	9.900000000000000355e+00	0.000000000000000000e+00	3.060000000000000142e+01	0.000000000000000000e+00	8.928999999999999773e+02	0.000000000000000000e+00	0.000000000000000000e+00
7.324414715719063906e+01	6.540000000000000568e+01	0.000000000000000000e+00	8.599999999999999645e+00	0.000000000000000000e+00	2.919999999999999929e+01	0.000000000000000000e+00	8.967999999999999545e+02	0.000000000000000000e+00	0.000000000000000000e+00
7.424749163879599223e+01	6.490000000000000568e+01	0.000000000000000000e+00	7.500000000000000000e+00	0.000000000000000000e+00	2.589999999999999858e+01	0.000000000000000000e+00	9.017000000000000455e+02	0.000000000000000000e+00	0.000000000000000000e+00
7.525083612040133119e+01	6.389999999999999858e+01	0.000000000000000000e+00	7.099999999999999645e+00	0.000000000000000000e+00	2.310000000000000142e+01	0.000000000000000000e+00	9.058999999999999773e+02	0.000000000000000000e+00	0.000000000000000000e+00
7.625418060200668435e+01	6.310000000000000142e+01	0.000000000000000000e+00	6.400000000000000355e+00	0.000000000000000000e+00	2.130000000000000071e+01	0.000000000000000000e+00	9.092000000000000455e+02	0.000000000000000000e+00	0.000000000000000000e+00
7.725752508361203752e+01	6.239999999999999858e+01	0.000000000000000000e+00	6.200000000000000178e+00	0.000000000000000000e+00	1.969999999999999929e+01	0.000000000000000000e+00	9.117000000000000455e+02	0.000000000000000000e+00	0.000000000000000000e+00
7.826086956521739069e+01	6.189999999999999858e+01	0.000000000000000000e+00	5.500000000000000000e+00	0.000000000000000000e+00	1.760000000000000142e+01	0.000000000000000000e+00	9.150000000000000000e+02	0.000000000000000000e+00	0.000000000000000000e+00
7.926421404682274385e+01	6.150000000000000000e+01	0.000000000000000000e+00	4.700000000000000178e+00	0.000000000000000000e+00	1.650000000000000000e+01	0.000000000000000000e+00	9.172999999999999545e+02	0.000000000000000000e+00	0.000000000000000000e+00
8.026755852842809702e+01	6.060000000000000142e+01	0.000000000000000000e+00	4.700000000000000178e+00	0.000000000000000000e+00	1.530000000000000071e+01	0.000000000000000000e+00	9.193999999999999773e+02	0.000000000000000000e+00	0.000000000000000000e+00
8.127090301003345019e+01	6.020000000000000284e+01	0.000000000000000000e+00	4.299999999999999822e+00	0.000000000000000000e+00	1.459999999999999964e+01	0.000000000000000000e+00	9.208999999999999773e+02	0.000000000000000000e+00	0.000000000000000000e+00
8.227424749163878914e+01	5.989999999999999858e+01	0.000000000000000000e+00	3.600000000000000089e+00	0.000000000000000000e+00	1.369999999999999929e+01	0.000000000000000000e+00	9.227999999999999545e+02	0.000000000000000000e+00	0.000000000000000000e+00
8.327759197324414231e+01	5.939999999999999858e+01	0.000000000000000000e+00	4.000000000000000000e+00	0.000000000000000000e+00	1.259999999999999964e+01	0.000000000000000000e+00	9.240000000000000000e+02	0.000000000000000000e+00	0.000000000000000000e+00
8.428093645484949548e+01	5.920000000000000284e+01	0.000000000000000000e+00	3.899999999999999911e+00	0.000000000000000000e+00	1.080000000000000071e+01	0.000000000000000000e+00	9.261000000000000227e+02	0.000000000000000000e+00	0.000000000000000000e+00
8.528428093645484864e+01	5.839999999999999858e+01	0.000000000000000000e+00	4.000000000000000000e+00	0.000000000000000000e+00	9.500000000000000000e+00	0.000000000000000000e+00	9.281000000000000227e+02	0.000000000000000000e+00	0.000000000000000000e+00
8.628762541806020181e+01	5.810000000000000142e+01	0.000000000000000000e+00	3.200000000000000178e+00	0.000000000000000000e+00	9.000000000000000000e+00	0.000000000000000000e+00	9.297000000000000455e+02	0.000000000000000000e+00	0.000000000000000000e+00
8.729096989966555498e+01	5.789999999999999858e+01	0.000000000000000000e+00	3.100000000000000089e+00	0.000000000000000000e+00	7.799999999999999822e+00	0.000000000000000000e+00	9.312000000000000455e+02	0.000000000000000000e+00	0.000000000000000000e+00
8.829431438127090814e+01	5.760000000000000142e+01	0.000000000000000000e+00	3.100000000000000089e+00	0.000000000000000000e+00	7.099999999999999645e+00	0.000000000000000000e+00	9.322000000000000455e+02	0.000000000000000000e+00	0.000000000000000000e+00
8.929765886287624710e+01	5.729999999999999716e+01	0.000000000000000000e+00	2.899999999999999911e+00	0.000000000000000000e+00	6.400000000000000355e+00	0.000000000000000000e+00	9.333999999999999773e+02	0.000000000000000000e+00	0.000000000000000000e+00
9.030100334448160027e+01	5.720000000000000284e+01	0.000000000000000000e+00	2.200000000000000178e+00	0.000000000000000000e+00	6.400000000000000355e+00	0.000000000000000000e+00	9.342000000000000455e+02	0.000000000000000000e+00	0.000000000000000000e+00
9.130434782608695343e+01	5.689999999999999858e+01	0.000000000000000000e+00	2.000000000000000000e+00	0.000000000000000000e+00	6.299999999999999822e+00	0.000000000000000000e+00	9.347999999999999545e+02	0.000000000000000000e+00	0.000000000000000000e+00
9.230769230769230660e+01	5.679999999999999716e+01	0.000000000000000000e+00	1.899999999999999911e+00	0.000000000000000000e+00	5.400000000000000355e+00	0.000000000000000000e+00	9.358999999999999773e+02	0.000000000000000000e+00	0.000000000000000000e+00
9.331103678929765977e+01	5.670000000000000284e+01	0.000000000000000000e+00	1.699999999999999956e+00	0.000000000000000000e+00	5.299999999999999822e+00	0.000000000000000000e+00	9.362999999999999545e+02	0.000000000000000000e+00	0.000000000000000000e+00
9.431438127090301293e+01	5.650000000000000000e+01	0.000000000000000000e+00	1.399999999999999911e+00	0.000000000000000000e+00	5.000000000000000000e+00	0.000000000000000000e+00	9.371000000000000227e+02	0.000000000000000000e+00	0.000000000000000000e+00
9.531772575250836610e+01	5.650000000000000000e+01	0.000000000000000000e+00	9.000000000000000222e-01	0.000000000000000000e+00	5.000000000000000000e+00	0.000000000000000000e+00	9.376000000000000227e+02	0.000000000000000000e+00	0.000000000000000000e+00
9.632107023411370506e+01	5.650000000000000000e+01	0.000000000000000000e+00	6.999999999999999556e-01	0.000000000000000000e+00	4.099999999999999645e+00	0.000000000000000000e+00	9.387000000000000455e+02	0.000000000000000000e+00	0.000000000000000000e+00
9.732441471571905822e+01	5.629999999999999716e+01	0.000000000000000000e+00	9.000000000000000222e-01	0.000000000000000000e+00	3.700000000000000178e+00	0.000000000000000000e+00	9.391000000000000227e+02	0.000000000000000000e+00	0.000000000000000000e+00
9.832775919732441139e+01	5.629999999999999716e+01	0.000000000000000000e+00	5.000000000000000000e-01	0.000000000000000000e+00	3.399999999999999911e+00	0.000000000000000000e+00	9.397999999999999545e+02	0.000000000000000000e+00	0.000000000000000000e+00
9.933110367892976456e+01	5.629999999999999716e+01	0.000000000000000000e+00	2.999999999999999889e-01	0.000000000000000000e+00	3.200000000000000178e+00	0.000000000000000000e+00	9.402000000000000455e+02	0.000000000000000000e+00	0.000000000000000000e+00
1.003344481605351177e+02	5.620000000000000284e+01	0.000000000000000000e+00	4.000000000000000222e-01	0.000000000000000000e+00	2.299999999999999822e+00	0.000000000000000000e+00	9.411000000000000227e+02	0.000000000000000000e+00	0.000000000000000000e+00
1.013377926421404709e+02	5.610000000000000142e+01	0.000000000000000000e+00	4.000000000000000222e-01	0.000000000000000000e+00	2.399999999999999911e+00	0.000000000000000000e+00	9.411000000000000227e+02	0.000000000000000000e+00	0.000000000000000000e+00
1.023411371237458241e+02	5.600000000000000000e+01	0.000000000000000000e+00	5.000000000000000000e-01	0.000000000000000000e+00	2.200000000000000178e+00	0.000000000000000000e+00	9.412999999999999545e+02	0.000000000000000000e+00	0.000000000000000000e+00
1.033444816053511772e+02	5.600000000000000000e+01	0.000000000000000000e+00	4.000000000000000222e-01	0.000000000000000000e+00	1.800000000000000044e+00	0.000000000000000000e+00	9.417999999999999545e+02	0.000000000000000000e+00	0.000000000000000000e+00
1.043478260869565162e+02	5.600000000000000000e+01	0.000000000000000000e+00	4.000000000000000222e-01	0.000000000000000000e+00	1.600000000000000089e+00	0.000000000000000000e+00	9.420000000000000000e+02	0.000000000000000000e+00	0.000000000000000000e+00
1.053511705685618693e+02	5.600000000000000000e+01	0.000000000000000000e+00	4.000000000000000222e-01	0.000000000000000000e+00	1.500000000000000000e+00	0.000000000000000000e+00	9.421000000000000227e+02	0.000000000000000000e+00	0.000000000000000000e+00
1.063545150501672225e+02	5.579999999999999716e+01	0.000000000000000000e+00	5.999999999999999778e-01	0.000000000000000000e+00	1.399999999999999911e+00	0.000000000000000000e+00	9.422000000000000455e+02	0.000000000000000000e+00	0.000000000000000000e+00
1.073578595317725757e+02	5.579999999999999716e+01	0.000000000000000000e+00	5.999999999999999778e-01	0.000000000000000000e+00	1.100000000000000089e+00	0.000000000000000000e+00	9.425000000000000000e+02	0.000000000000000000e+00	0.000000000000000000e+00
1.083612040133779288e+02	5.579999999999999716e+01	0.000000000000000000e+00	4.000000000000000222e-01	0.000000000000000000e+00	1.300000000000000044e+00	0.000000000000000000e+00	9.425000000000000000e+02	0.000000000000000000e+00	0.000000000000000000e+00
1.093645484949832820e+02	5.579999999999999716e+01	0.000000000000000000e+00	4.000000000000000222e-01	0.000000000000000000e+00	1.199999999999999956e+00	0.000000000000000000e+00	9.426000000000000227e+02	0.000000000000000000e+00	0.000000000000000000e+00
1.103678929765886352e+02	5.579999999999999716e+01	0.000000000000000000e+00	4.000000000000000222e-01	0.000000000000000000e+00	1.100000000000000089e+00	0.000000000000000000e+00	9.427000000000000455e+02	0.000000000000000000e+00	0.000000000000000000e+00
1.113712374581939741e+02	5.579999999999999716e+01	0.000000000000000000e+00	4.000000000000000222e-01	0.000000000000000000e+00	6.999999999999999556e-01	0.000000000000000000e+00	9.431000000000000227e+02	0.000000000000000000e+00	0.000000000000000000e+00
1.123745819397993273e+02	5.579999999999999716e+01	0.000000000000000000e+00	2.999999999999999889e-01	0.000000000000000000e+00	6.999999999999999556e-01	0.000000000000000000e+00	9.432000000000000455e+02	0.000000000000000000e+00	0.000000000000000000e+00
1.133779264214046805e+02	5.579999999999999716e+01	0.000000000000000000e+00	2.999999999999999889e-01	0.000000000000000000e+00	6.999999999999999556e-01	0.000000000000000000e+00	9.432000000000000455e+02	0.000000000000000000e+00	0.000000000000000000e+00
1.143812709030100336e+02	5.579999999999999716e+01	0.000000000000000000e+00	2.999999999999999889e-01	0.000000000000000000e+00	2.999999999999999889e-01	0.000000000000000000e+00	9.436000000000000227e+02	0.000000000000000000e+00	0.000000000000000000e+00
1.153846153846153868e+02	5.579999999999999716e+01	0.000000000000000000e+00	2.000000000000000111e-01	0.000000000000000000e+00	2.000000000000000111e-01	0.000000000000000000e+00	9.437999999999999545e+02	0.000000000000000000e+00	0.000000000000000000e+00
1.163879598662207400e+02	5.579999999999999716e+01	0.000000000000000000e+00	1.000000000000000056e-01	0.000000000000000000e+00	2.000000000000000111e-01	0.000000000000000000e+00	9.438999999999999773e+02	0.000000000000000000e+00	0.000000000000000000e+00
1.173913043478260931e+02	5.570000000000000284e+01	0.000000000000000000e+00	2.000000000000000111e-01	0.000000000000000000e+00	2.000000000000000111e-01	0.000000000000000000e+00	9.438999999999999773e+02	0.000000000000000000e+00	0.000000000000000000e+00
1.183946488294314321e+02	5.570000000000000284e+01	0.000000000000000000e+00	2.000000000000000111e-01	0.000000000000000000e+00	1.000000000000000056e-01	0.000000000000000000e+00	9.440000000000000000e+02	0.000000000000000000e+00	0.000000000000000000e+00
1.193979933110367853e+02	5.570000000000000284e+01	0.000000000000000000e+00	2.000000000000000111e-01	0.000000000000000000e+00	1.000000000000000056e-01	0.000000000000000000e+00	9.440000000000000000e+02	0.000000000000000000e+00	0.000000000000000000e+00
1.204013377926421384e+02	5.570000000000000284e+01	0.000000000000000000e+00	2.000000000000000111e-01	0.000000000000000000e+00	1.000000000000000056e-01	0.000000000000000000e+00	9.440000000000000000e+02	0.000000000000000000e+00	0.000000000000000000e+00
1.214046822742474916e+02	5.570000000000000284e+01	0.000000000000000000e+00	2.000000000000000111e-01	0.000000000000000000e+00	1.000000000000000056e-01	0.000000000000000000e+00	9.440000000000000000e+02	0.000000000000000000e+00	0.000000000000000000e+00
1.224080267558528448e+02	5.570000000000000284e+01	0.000000000000000000e+00	2.000000000000000111e-01	0.000000000000000000e+00	1.000000000000000056e-01	0.000000000000000000e+00	9.440000000000000000e+02	0.000000000000000000e+00	0.000000000000000000e+00
1.234113712374581979e+02	5.570000000000000284e+01	0.000000000000000000e+00	2.000000000000000111e-01	0.000000000000000000e+00	1.000000000000000056e-01	0.000000000000000000e+00	9.440000000000000000e+02	0.000000000000000000e+00	0.000000000000000000e+00
1.244147157190635511e+02	5.570000000000000284e+01	0.000000000000000000e+00	2.000000000000000111e-01	0.000000000000000000e+00	1.000000000000000056e-01	0.000000000000000000e+00	9.440000000000000000e+02	0.000000000000000000e+00	0.000000000000000000e+00
1.254180602006688900e+02	5.570000000000000284e+01	0.000000000000000000e+00	2.000000000000000111e-01	0.000000000000000000e+00	1.000000000000000056e-01	0.000000000000000000e+00	9.440000000000000000e+02	0.000000000000000000e+00	0.000000000000000000e+00
1.264214046822742432e+02	5.570000000000000284e+01	0.000000000000000000e+00	0.000000000000000000e+00	0.000000000000000000e+00	2.999999999999999889e-01	0.000000000000000000e+00	9.440000000000000000e+02	0.000000000000000000e+00	0.000000000000000000e+00
1.274247491638795964e+02	5.570000000000000284e+01	0.000000000000000000e+00	0.000000000000000000e+00	0.000000000000000000e+00	2.000000000000000111e-01	0.000000000000000000e+00	9.441000000000000227e+02	0.000000000000000000e+00	0.000000000000000000e+00
1.284280936454849495e+02	5.570000000000000284e+01	0.000000000000000000e+00	0.000000000000000000e+00	0.000000000000000000e+00	2.000000000000000111e-01	0.000000000000000000e+00	9.441000000000000227e+02	0.000000000000000000e+00	0.000000000000000000e+00
1.294314381270903027e+02	5.570000000000000284e+01	0.000000000000000000e+00	0.000000000000000000e+00	0.000000000000000000e+00	2.000000000000000111e-01	0.000000000000000000e+00	9.441000000000000227e+02	0.000000000000000000e+00	0.000000000000000000e+00
1.304347826086956559e+02	5.570000000000000284e+01	0.000000000000000000e+00	0.000000000000000000e+00	0.000000000000000000e+00	2.000000000000000111e-01	0.000000000000000000e+00	9.441000000000000227e+02	0.000000000000000000e+00	0.000000000000000000e+00
1.314381270903010090e+02	5.570000000000000284e+01	0.000000000000000000e+00	0.000000000000000000e+00	0.000000000000000000e+00	2.000000000000000111e-01	0.000000000000000000e+00	9.441000000000000227e+02	0.000000000000000000e+00	0.000000000000000000e+00
1.324414715719063622e+02	5.570000000000000284e+01	0.000000000000000000e+00	0.000000000000000000e+00	0.000000000000000000e+00	1.000000000000000056e-01	0.000000000000000000e+00	9.442000000000000455e+02	0.000000000000000000e+00	0.000000000000000000e+00
1.334448160535117154e+02	5.570000000000000284e+01	0.000000000000000000e+00	0.000000000000000000e+00	0.000000000000000000e+00	1.000000000000000056e-01	0.000000000000000000e+00	9.442000000000000455e+02	0.000000000000000000e+00	0.000000000000000000e+00
1.344481605351170685e+02	5.570000000000000284e+01	0.000000000000000000e+00	0.000000000000000000e+00	0.000000000000000000e+00	1.000000000000000056e-01	0.000000000000000000e+00	9.442000000000000455e+02	0.000000000000000000e+00	0.000000000000000000e+00
1.354515050167224217e+02	5.570000000000000284e+01	0.000000000000000000e+00	0.000000000000000000e+00	0.000000000000000000e+00	1.000000000000000056e-01	0.000000000000000000e+00	9.442000000000000455e+02	0.000000000000000000e+00	0.000000000000000000e+00
1.364548494983277465e+02	5.570000000000000284e+01	0.000000000000000000e+00	0.000000000000000000e+00	0.000000000000000000e+00	1.000000000000000056e-01	0.000000000000000000e+00	9.442000000000000455e+02	0.000000000000000000e+00	0.000000000000000000e+00
1.374581939799330996e+02	5.570000000000000284e+01	0.000000000000000000e+00	0.000000000000000000e+00	0.000000000000000000e+00	1.000000000000000056e-01	0.000000000000000000e+00	9.442000000000000455e+02	0.000000000000000000e+00	0.000000000000000000e+00
1.384615384615384528e+02	5.570000000000000284e+01	0.000000000000000000e+00	0.000000000000000000e+00	0.000000000000000000e+00	1.000000000000000056e-01	0.000000000000000000e+00	9.442000000000000455e+02	0.000000000000000000e+00	0.000000000000000000e+00
1.394648829431438060e+02	5.570000000000000284e+01	0.000000000000000000e+00	0.000000000000000000e+00	0.000000000000000000e+00	1.000000000000000056e-01	0.000000000000000000e+00	9.442000000000000455e+02	0.000000000000000000e+00	0.000000000000000000e+00
1.404682274247491591e+02	5.570000000000000284e+01	0.000000000000000000e+00	0.000000000000000000e+00	0.000000000000000000e+00	1.000000000000000056e-01	0.000000000000000000e+00	9.442000000000000455e+02	0.000000000000000000e+00	0.000000000000000000e+00
1.414715719063545123e+02	5.570000000000000284e+01	0.000000000000000000e+00	0.000000000000000000e+00	0.000000000000000000e+00	1.000000000000000056e-01	0.000000000000000000e+00	9.442000000000000455e+02	0.000000000000000000e+00	0.000000000000000000e+00
1.424749163879598655e+02	5.570000000000000284e+01	0.000000000000000000e+00	0.000000000000000000e+00	0.000000000000000000e+00	1.000000000000000056e-01	0.000000000000000000e+00	9.442000000000000455e+02	0.000000000000000000e+00	0.000000000000000000e+00
1.434782608695652186e+02	5.570000000000000284e+01	0.000000000000000000e+00	0.000000000000000000e+00	0.000000000000000000e+00	1.000000000000000056e-01	0.000000000000000000e+00	9.442000000000000455e+02	0.000000000000000000e+00	0.000000000000000000e+00
1.444816053511705718e+02	5.570000000000000284e+01	0.000000000000000000e+00	0.000000000000000000e+00	0.000000000000000000e+00	0.000000000000000000e+00	0.000000000000000000e+00	9.442999999999999545e+02	0.000000000000000000e+00	0.000000000000000000e+00
1.454849498327759250e+02	5.570000000000000284e+01	0.000000000000000000e+00	0.000000000000000000e+00	0.000000000000000000e+00	0.000000000000000000e+00	0.000000000000000000e+00	9.442999999999999545e+02	0.000000000000000000e+00	0.000000000000000000e+00
1.464882943143812781e+02	5.570000000000000284e+01	0.000000000000000000e+00	0.000000000000000000e+00	0.000000000000000000e+00	0.000000000000000000e+00	0.000000000000000000e+00	9.442999999999999545e+02	0.000000000000000000e+00	0.000000000000000000e+00
1.474916387959866313e+02	5.570000000000000284e+01	0.000000000000000000e+00	0.000000000000000000e+00	0.000000000000000000e+00	0.000000000000000000e+00	0.000000000000000000e+00	9.442999999999999545e+02	0.000000000000000000e+00	0.000000000000000000e+00
1.484949832775919845e+02	5.570000000000000284e+01	0.000000000000000000e+00	0.000000000000000000e+00	0.000000000000000000e+00	0.000000000000000000e+00	0.000000000000000000e+00	9.442999999999999545e+02	0.000000000000000000e+00	0.000000000000000000e+00
1.494983277591973376e+02	5.570000000000000284e+01	0.000000000000000000e+00	0.000000000000000000e+00	0.000000000000000000e+00	0.000000000000000000e+00	0.000000000000000000e+00	9.442999999999999545e+02	0.000000000000000000e+00	0.000000000000000000e+00
1.505016722408026624e+02	5.570000000000000284e+01	0.000000000000000000e+00	0.000000000000000000e+00	0.000000000000000000e+00	0.000000000000000000e+00	0.000000000000000000e+00	9.442999999999999545e+02	0.000000000000000000e+00	0.000000000000000000e+00
1.515050167224080155e+02	5.570000000000000284e+01	0.000000000000000000e+00	0.000000000000000000e+00	0.000000000000000000e+00	0.000000000000000000e+00	0.000000000000000000e+00	9.442999999999999545e+02	0.000000000000000000e+00	0.000000000000000000e+00
1.525083612040133687e+02	5.570000000000000284e+01	0.000000000000000000e+00	0.000000000000000000e+00	0.000000000000000000e+00	0.000000000000000000e+00	0.000000000000000000e+00	9.442999999999999545e+02	0.000000000000000000e+00	0.000000000000000000e+00
1.535117056856187219e+02	5.570000000000000284e+01	0.000000000000000000e+00	0.000000000000000000e+00	0.000000000000000000e+00	0.000000000000000000e+00	0.000000000000000000e+00	9.442999999999999545e+02	0.000000000000000000e+00	0.000000000000000000e+00
1.545150501672240750e+02	5.570000000000000284e+01	0.000000000000000000e+00	0.000000000000000000e+00	0.000000000000000000e+00	0.000000000000000000e+00	0.000000000000000000e+00	9.442999999999999545e+02	0.000000000000000000e+00	0.000000000000000000e+00
1.555183946488294282e+02	5.570000000000000284e+01	0.000000000000000000e+00	0.000000000000000000e+00	0.000000000000000000e+00	0.000000000000000000e+00	0.000000000000000000e+00	9.442999999999999545e+02	0.000000000000000000e+00	0.000000000000000000e+00
1.565217391304347814e+02	5.570000000000000284e+01	0.000000000000000000e+00	0.000000000000000000e+00	0.000000000000000000e+00	0.000000000000000000e+00	0.000000000000000000e+00	9.442999999999999545e+02	0.000000000000000000e+00	0.000000000000000000e+00
1.575250836120401345e+02	5.570000000000000284e+01	0.000000000000000000e+00	0.000000000000000000e+00	0.000000000000000000e+00	0.000000000000000000e+00	0.000000000000000000e+00	9.442999999999999545e+02	0.000000000000000000e+00	0.000000000000000000e+00
1.585284280936454877e+02	5.570000000000000284e+01	0.000000000000000000e+00	0.000000000000000000e+00	0.000000000000000000e+00	0.000000000000000000e+00	0.000000000000000000e+00	9.442999999999999545e+02	0.000000000000000000e+00	0.000000000000000000e+00
1.595317725752508409e+02	5.570000000000000284e+01	0.000000000000000000e+00	0.000000000000000000e+00	0.000000000000000000e+00	0.000000000000000000e+00	0.000000000000000000e+00	9.442999999999999545e+02	0.000000000000000000e+00	0.000000000000000000e+00
1.605351170568561940e+02	5.570000000000000284e+01	0.000000000000000000e+00	0.000000000000000000e+00	0.000000000000000000e+00	0.000000000000000000e+00	0.000000000000000000e+00	9.442999999999999545e+02	0.000000000000000000e+00	0.000000000000000000e+00
1.615384615384615472e+02	5.570000000000000284e+01	0.000000000000000000e+00	0.000000000000000000e+00	0.000000000000000000e+00	0.000000000000000000e+00	0.000000000000000000e+00	9.442999999999999545e+02	0.000000000000000000e+00	0.000000000000000000e+00
1.625418060200669004e+02	5.570000000000000284e+01	0.000000000000000000e+00	0.000000000000000000e+00	0.000000000000000000e+00	0.000000000000000000e+00	0.000000000000000000e+00	9.442999999999999545e+02	0.000000000000000000e+00	0.000000000000000000e+00
1.635451505016722535e+02	5.570000000000000284e+01	0.000000000000000000e+00	0.000000000000000000e+00	0.000000000000000000e+00	0.000000000000000000e+00	0.000000000000000000e+00	9.442999999999999545e+02	0.000000000000000000e+00	0.000000000000000000e+00
1.645484949832775783e+02	5.570000000000000284e+01	0.000000000000000000e+00	0.000000000000000000e+00	0.000000000000000000e+00	0.000000000000000000e+00	0.000000000000000000e+00	9.442999999999999545e+02	0.000000000000000000e+00	0.000000000000000000e+00
1.655518394648829315e+02	5.570000000000000284e+01	0.000000000000000000e+00	0.000000000000000000e+00	0.000000000000000000e+00	0.000000000000000000e+00	0.000000000000000000e+00	9.442999999999999545e+02	0.000000000000000000e+00	0.000000000000000000e+00
1.665551839464882846e+02	5.570000000000000284e+01	0.000000000000000000e+00	0.000000000000000000e+00	0.000000000000000000e+00	0.000000000000000000e+00	0.000000000000000000e+00	9.442999999999999545e+02	0.000000000000000000e+00	0.000000000000000000e+00
1.675585284280936378e+02	5.570000000000000284e+01	0.000000000000000000e+00	0.000000000000000000e+00	0.000000000000000000e+00	0.000000000000000000e+00	0.000000000000000000e+00	9.442999999999999545e+02	0.000000000000000000e+00	0.000000000000000000e+00
1.685618729096989910e+02	5.570000000000000284e+01	0.000000000000000000e+00	0.000000000000000000e+00	0.000000000000000000e+00	0.000000000000000000e+00	0.000000000000000000e+00	9.442999999999999545e+02	0.000000000000000000e+00	0.000000000000000000e+00
1.695652173913043441e+02	5.570000000000000284e+01	0.000000000000000000e+00	0.000000000000000000e+00	0.000000000000000000e+00	0.000000000000000000e+00	0.000000000000000000e+00	9.442999999999999545e+02	0.000000000000000000e+00	0.000000000000000000e+00
1.705685618729096973e+02	5.570000000000000284e+01	0.000000000000000000e+00	0.000000000000000000e+00	0.000000000000000000e+00	0.000000000000000000e+00	0.000000000000000000e+00	9.442999999999999545e+02	0.000000000000000000e+00	0.000000000000000000e+00
1.715719063545150505e+02	5.570000000000000284e+01	0.000000000000000000e+00	0.000000000000000000e+00	0.000000000000000000e+00	0.000000000000000000e+00	0.000000000000000000e+00	9.442999999999999545e+02	0.000000000000000000e+00	0.000000000000000000e+00
1.725752508361204036e+02	5.570000000000000284e+01	0.000000000000000000e+00	0.000000000000000000e+00	0.000000000000000000e+00	0.000000000000000000e+00	0.000000000000000000e+00	9.442999999999999545e+02	0.000000000000000000e+00	0.000000000000000000e+00
1.735785953177257568e+02	5.570000000000000284e+01	0.000000000000000000e+00	0.000000000000000000e+00	0.000000000000000000e+00	0.000000000000000000e+00	0.000000000000000000e+00	9.442999999999999545e+02	0.000000000000000000e+00	0.000000000000000000e+00
1.745819397993311100e+02	5.570000000000000284e+01	0.000000000000000000e+00	0.000000000000000000e+00	0.000000000000000000e+00	0.000000000000000000e+00	0.000000000000000000e+00	9.442999999999999545e+02	0.000000000000000000e+00	0.000000000000000000e+00
1.755852842809364631e+02	5.570000000000000284e+01	0.000000000000000000e+00	0.000000000000000000e+00	0.000000000000000000e+00	0.000000000000000000e+00	0.000000000000000000e+00	9.442999999999999545e+02	0.000000000000000000e+00	0.000000000000000000e+00
1.765886287625418163e+02	5.570000000000000284e+01	0.000000000000000000e+00	0.000000000000000000e+00	0.000000000000000000e+00	0.000000000000000000e+00	0.000000000000000000e+00	9.442999999999999545e+02	0.000000000000000000e+00	0.000000000000000000e+00
1.775919732441471695e+02	5.570000000000000284e+01	0.000000000000000000e+00	0.000000000000000000e+00	0.000000000000000000e+00	0.000000000000000000e+00	0.000000000000000000e+00	9.442999999999999545e+02	0.000000000000000000e+00	0.000000000000000000e+00
1.785953177257524942e+02	5.570000000000000284e+01	0.000000000000000000e+00	0.000000000000000000e+00	0.000000000000000000e+00	0.000000000000000000e+00	0.000000000000000000e+00	9.442999999999999545e+02	0.000000000000000000e+00	0.000000000000000000e+00
1.795986622073578474e+02	5.570000000000000284e+01	0.000000000000000000e+00	0.000000000000000000e+00	0.000000000000000000e+00	0.000000000000000000e+00	0.000000000000000000e+00	9.442999999999999545e+02	0.000000000000000000e+00	0.000000000000000000e+00
1.806020066889632005e+02	5.570000000000000284e+01	0.000000000000000000e+00	0.000000000000000000e+00	0.000000000000000000e+00	0.000000000000000000e+00	0.000000000000000000e+00	9.442999999999999545e+02	0.000000000000000000e+00	0.000000000000000000e+00
1.816053511705685537e+02	5.570000000000000284e+01	0.000000000000000000e+00	0.000000000000000000e+00	0.000000000000000000e+00	0.000000000000000000e+00	0.000000000000000000e+00	9.442999999999999545e+02	0.000000000000000000e+00	0.000000000000000000e+00
1.826086956521739069e+02	5.570000000000000284e+01	0.000000000000000000e+00	0.000000000000000000e+00	0.000000000000000000e+00	0.000000000000000000e+00	0.000000000000000000e+00	9.442999999999999545e+02	0.000000000000000000e+00	0.000000000000000000e+00
1.836120401337792600e+02	5.570000000000000284e+01	0.000000000000000000e+00	0.000000000000000000e+00	0.000000000000000000e+00	0.000000000000000000e+00	0.000000000000000000e+00	9.442999999999999545e+02	0.000000000000000000e+00	0.000000000000000000e+00
1.846153846153846132e+02	5.570000000000000284e+01	0.000000000000000000e+00	0.000000000000000000e+00	0.000000000000000000e+00	0.000000000000000000e+00	0.000000000000000000e+00	9.442999999999999545e+02	0.000000000000000000e+00	0.000000000000000000e+00
1.856187290969899664e+02	5.570000000000000284e+01	0.000000000000000000e+00	0.000000000000000000e+00	0.000000000000000000e+00	0.000000000000000000e+00	0.000000000000000000e+00	9.442999999999999545e+02	0.000000000000000000e+00	0.000000000000000000e+00
1.866220735785953195e+02	5.570000000000000284e+01	0.000000000000000000e+00	0.000000000000000000e+00	0.000000000000000000e+00	0.000000000000000000e+00	0.000000000000000000e+00	9.442999999999999545e+02	0.000000000000000000e+00	0.000000000000000000e+00
1.876254180602006727e+02	5.570000000000000284e+01	0.000000000000000000e+00	0.000000000000000000e+00	0.000000000000000000e+00	0.000000000000000000e+00	0.000000000000000000e+00	9.442999999999999545e+02	0.000000000000000000e+00	0.000000000000000000e+00
1.886287625418060259e+02	5.570000000000000284e+01	0.000000000000000000e+00	0.000000000000000000e+00	0.000000000000000000e+00	0.000000000000000000e+00	0.000000000000000000e+00	9.442999999999999545e+02	0.000000000000000000e+00	0.000000000000000000e+00
1.896321070234113790e+02	5.570000000000000284e+01	0.000000000000000000e+00	0.000000000000000000e+00	0.000000000000000000e+00	0.000000000000000000e+00	0.000000000000000000e+00	9.442999999999999545e+02	0.000000000000000000e+00	0.000000000000000000e+00
1.906354515050167322e+02	5.570000000000000284e+01	0.000000000000000000e+00	0.000000000000000000e+00	0.000000000000000000e+00	0.000000000000000000e+00	0.000000000000000000e+00	9.442999999999999545e+02	0.000000000000000000e+00	0.000000000000000000e+00
1.916387959866220854e+02	5.570000000000000284e+01	0.000000000000000000e+00	0.000000000000000000e+00	0.000000000000000000e+00	0.000000000000000000e+00	0.000000000000000000e+00	9.442999999999999545e+02	0.000000000000000000e+00	0.000000000000000000e+00
1.926421404682274101e+02	5.570000000000000284e+01	0.000000000000000000e+00	0.000000000000000000e+00	0.000000000000000000e+00	0.000000000000000000e+00	0.000000000000000000e+00	9.442999999999999545e+02	0.000000000000000000e+00	0.000000000000000000e+00
1.936454849498327633e+02	5.570000000000000284e+01	0.000000000000000000e+00	0.000000000000000000e+00	0.000000000000000000e+00	0.000000000000000000e+00	0.000000000000000000e+00	9.442999999999999545e+02	0.000000000000000000e+00	0.000000000000000000e+00
1.946488294314381164e+02	5.570000000000000284e+01	0.000000000000000000e+00	0.000000000000000000e+00	0.000000000000000000e+00	0.000000000000000000e+00	0.000000000000000000e+00	9.442999999999999545e+02	0.000000000000000000e+00	0.000000000000000000e+00
1.956521739130434696e+02	5.570000000000000284e+01	0.000000000000000000e+00	0.000000000000000000e+00	0.000000000000000000e+00	0.000000000000000000e+00	0.000000000000000000e+00	9.442999999999999545e+02	0.000000000000000000e+00	0.000000000000000000e+00
1.966555183946488228e+02	5.570000000000000284e+01	0.000000000000000000e+00	0.000000000000000000e+00	0.000000000000000000e+00	0.000000000000000000e+00	0.000000000000000000e+00	9.442999999999999545e+02	0.000000000000000000e+00	0.000000000000000000e+00
1.976588628762541759e+02	5.570000000000000284e+01	0.000000000000000000e+00	0.000000000000000000e+00	0.000000000000000000e+00	0.000000000000000000e+00	0.000000000000000000e+00	9.442999999999999545e+02	0.000000000000000000e+00	0.000000000000000000e+00
1.986622073578595291e+02	5.570000000000000284e+01	0.000000000000000000e+00	0.000000000000000000e+00	0.000000000000000000e+00	0.000000000000000000e+00	0.000000000000000000e+00	9.442999999999999545e+02	0.000000000000000000e+00	0.000000000000000000e+00
1.996655518394648823e+02	5.570000000000000284e+01	0.000000000000000000e+00	0.000000000000000000e+00	0.000000000000000000e+00	0.000000000000000000e+00	0.000000000000000000e+00	9.442999999999999545e+02	0.000000000000000000e+00	0.000000000000000000e+00
2.006688963210702354e+02	5.570000000000000284e+01	0.000000000000000000e+00	0.000000000000000000e+00	0.000000000000000000e+00	0.000000000000000000e+00	0.000000000000000000e+00	9.442999999999999545e+02	0.000000000000000000e+00	0.000000000000000000e+00
2.016722408026755886e+02	5.570000000000000284e+01	0.000000000000000000e+00	0.000000000000000000e+00	0.000000000000000000e+00	0.000000000000000000e+00	0.000000000000000000e+00	9.442999999999999545e+02	0.000000000000000000e+00	0.000000000000000000e+00
2.026755852842809418e+02	5.570000000000000284e+01	0.000000000000000000e+00	0.000000000000000000e+00	0.000000000000000000e+00	0.000000000000000000e+00	0.000000000000000000e+00	9.442999999999999545e+02	0.000000000000000000e+00	0.000000000000000000e+00
2.036789297658862949e+02	5.570000000000000284e+01	0.000000000000000000e+00	0.000000000000000000e+00	0.000000000000000000e+00	0.000000000000000000e+00	0.000000000000000000e+00	9.442999999999999545e+02	0.000000000000000000e+00	0.000000000000000000e+00
2.046822742474916481e+02	5.570000000000000284e+01	0.000000000000000000e+00	0.000000000000000000e+00	0.000000000000000000e+00	0.000000000000000000e+00	0.000000000000000000e+00	9.442999999999999545e+02	0.000000000000000000e+00	0.000000000000000000e+00
2.056856187290970013e+02	5.570000000000000284e+01	0.000000000000000000e+00	0.000000000000000000e+00	0.000000000000000000e+00	0.000000000000000000e+00	0.000000000000000000e+00	9.442999999999999545e+02	0.000000000000000000e+00	0.000000000000000000e+00
2.066889632107023544e+02	5.570000000000000284e+01	0.000000000000000000e+00	0.000000000000000000e+00	0.000000000000000000e+00	0.000000000000000000e+00	0.000000000000000000e+00	9.442999999999999545e+02	0.000000000000000000e+00	0.000000000000000000e+00
2.076923076923076792e+02	5.570000000000000284e+01	0.000000000000000000e+00	0.000000000000000000e+00	0.000000000000000000e+00	0.000000000000000000e+00	0.000000000000000000e+00	9.442999999999999545e+02	0.000000000000000000e+00	0.000000000000000000e+00
2.086956521739130324e+02	5.570000000000000284e+01	0.000000000000000000e+00	0.000000000000000000e+00	0.000000000000000000e+00	0.000000000000000000e+00	0.000000000000000000e+00	9.442999999999999545e+02	0.000000000000000000e+00	0.000000000000000000e+00
2.096989966555183855e+02	5.570000000000000284e+01	0.000000000000000000e+00	0.000000000000000000e+00	0.000000000000000000e+00	0.000000000000000000e+00	0.000000000000000000e+00	9.442999999999999545e+02	0.000000000000000000e+00	0.000000000000000000e+00
2.107023411371237387e+02	5.570000000000000284e+01	0.000000000000000000e+00	0.000000000000000000e+00	0.000000000000000000e+00	0.000000000000000000e+00	0.000000000000000000e+00	9.442999999999999545e+02	0.000000000000000000e+00	0.000000000000000000e+00
2.117056856187290919e+02	5.570000000000000284e+01	0.000000000000000000e+00	0.000000000000000000e+00	0.000000000000000000e+00	0.000000000000000000e+00	0.000000000000000000e+00	9.442999999999999545e+02	0.000000000000000000e+00	0.000000000000000000e+00
2.127090301003344450e+02	5.570000000000000284e+01	0.000000000000000000e+00	0.000000000000000000e+00	0.000000000000000000e+00	0.000000000000000000e+00	0.000000000000000000e+00	9.442999999999999545e+02	0.000000000000000000e+00	0.000000000000000000e+00
2.137123745819397982e+02	5.570000000000000284e+01	0.000000000000000000e+00	0.000000000000000000e+00	0.000000000000000000e+00	0.000000000000000000e+00	0.000000000000000000e+00	9.442999999999999545e+02	0.000000000000000000e+00	0.000000000000000000e+00
2.147157190635451514e+02	5.570000000000000284e+01	0.000000000000000000e+00	0.000000000000000000e+00	0.000000000000000000e+00	0.000000000000000000e+00	0.000000000000000000e+00	9.442999999999999545e+02	0.000000000000000000e+00	0.000000000000000000e+00
2.157190635451505045e+02	5.570000000000000284e+01	0.000000000000000000e+00	0.000000000000000000e+00	0.000000000000000000e+00	0.000000000000000000e+00	0.000000000000000000e+00	9.442999999999999545e+02	0.000000000000000000e+00	0.000000000000000000e+00
2.167224080267558577e+02	5.570000000000000284e+01	0.000000000000000000e+00	0.000000000000000000e+00	0.000000000000000000e+00	0.000000000000000000e+00	0.000000000000000000e+00	9.442999999999999545e+02	0.000000000000000000e+00	0.000000000000000000e+00
2.177257525083612109e+02	5.570000000000000284e+01	0.000000000000000000e+00	0.000000000000000000e+00	0.000000000000000000e+00	0.000000000000000000e+00	0.000000000000000000e+00	9.442999999999999545e+02	0.000000000000000000e+00	0.000000000000000000e+00
2.187290969899665640e+02	5.570000000000000284e+01	0.000000000000000000e+00	0.000000000000000000e+00	0.000000000000000000e+00	0.000000000000000000e+00	0.000000000000000000e+00	9.442999999999999545e+02	0.000000000000000000e+00	0.000000000000000000e+00
2.197324414715719172e+02	5.570000000000000284e+01	0.000000000000000000e+00	0.000000000000000000e+00	0.000000000000000000e+00	0.000000000000000000e+00	0.000000000000000000e+00	9.442999999999999545e+02	0.000000000000000000e+00	0.000000000000000000e+00
2.207357859531772704e+02	5.570000000000000284e+01	0.000000000000000000e+00	0.000000000000000000e+00	0.000000000000000000e+00	0.000000000000000000e+00	0.000000000000000000e+00	9.442999999999999545e+02	0.000000000000000000e+00	0.000000000000000000e+00
2.217391304347825951e+02	5.570000000000000284e+01	0.000000000000000000e+00	0.000000000000000000e+00	0.000000000000000000e+00	0.000000000000000000e+00	0.000000000000000000e+00	9.442999999999999545e+02	0.000000000000000000e+00	0.000000000000000000e+00
2.227424749163879483e+02	5.570000000000000284e+01	0.000000000000000000e+00	0.000000000000000000e+00	0.000000000000000000e+00	0.000000000000000000e+00	0.000000000000000000e+00	9.442999999999999545e+02	0.000000000000000000e+00	0.000000000000000000e+00
2.237458193979933014e+02	5.570000000000000284e+01	0.000000000000000000e+00	0.000000000000000000e+00	0.000000000000000000e+00	0.000000000000000000e+00	0.000000000000000000e+00	9.442999999999999545e+02	0.000000000000000000e+00	0.000000000000000000e+00
2.247491638795986546e+02	5.570000000000000284e+01	0.000000000000000000e+00	0.000000000000000000e+00	0.000000000000000000e+00	0.000000000000000000e+00	0.000000000000000000e+00	9.442999999999999545e+02	0.000000000000000000e+00	0.000000000000000000e+00
2.257525083612040078e+02	5.570000000000000284e+01	0.000000000000000000e+00	0.000000000000000000e+00	0.000000000000000000e+00	0.000000000000000000e+00	0.000000000000000000e+00	9.442999999999999545e+02	0.000000000000000000e+00	0.000000000000000000e+00
2.267558528428093609e+02	5.570000000000000284e+01	0.000000000000000000e+00	0.000000000000000000e+00	0.000000000000000000e+00	0.000000000000000000e+00	0.000000000000000000e+00	9.442999999999999545e+02	0.000000000000000000e+00	0.000000000000000000e+00
2.277591973244147141e+02	5.570000000000000284e+01	0.000000000000000000e+00	0.000000000000000000e+00	0.000000000000000000e+00	0.000000000000000000e+00	0.000000000000000000e+00	9.442999999999999545e+02	0.000000000000000000e+00	0.000000000000000000e+00
2.287625418060200673e+02	5.570000000000000284e+01	0.000000000000000000e+00	0.000000000000000000e+00	0.000000000000000000e+00	0.000000000000000000e+00	0.000000000000000000e+00	9.442999999999999545e+02	0.000000000000000000e+00	0.000000000000000000e+00
2.297658862876254204e+02	5.570000000000000284e+01	0.000000000000000000e+00	0.000000000000000000e+00	0.000000000000000000e+00	0.000000000000000000e+00	0.000000000000000000e+00	9.442999999999999545e+02	0.000000000000000000e+00	0.000000000000000000e+00
2.307692307692307736e+02	5.570000000000000284e+01	0.000000000000000000e+00	0.000000000000000000e+00	0.000000000000000000e+00	0.000000000000000000e+00	0.000000000000000000e+00	9.442999999999999545e+02	0.000000000000000000e+00	0.000000000000000000e+00
2.317725752508361268e+02	5.570000000000000284e+01	0.000000000000000000e+00	0.000000000000000000e+00	0.000000000000000000e+00	0.000000000000000000e+00	0.000000000000000000e+00	9.442999999999999545e+02	0.000000000000000000e+00	0.000000000000000000e+00
2.327759197324414799e+02	5.570000000000000284e+01	0.000000000000000000e+00	0.000000000000000000e+00	0.000000000000000000e+00	0.000000000000000000e+00	0.000000000000000000e+00	9.442999999999999545e+02	0.000000000000000000e+00	0.000000000000000000e+00
2.337792642140468331e+02	5.570000000000000284e+01	0.000000000000000000e+00	0.000000000000000000e+00	0.000000000000000000e+00	0.000000000000000000e+00	0.000000000000000000e+00	9.442999999999999545e+02	0.000000000000000000e+00	0.000000000000000000e+00
2.347826086956521863e+02	5.570000000000000284e+01	0.000000000000000000e+00	0.000000000000000000e+00	0.000000000000000000e+00	0.000000000000000000e+00	0.000000000000000000e+00	9.442999999999999545e+02	0.000000000000000000e+00	0.000000000000000000e+00
2.357859531772575110e+02	5.570000000000000284e+01	0.000000000000000000e+00	0.000000000000000000e+00	0.000000000000000000e+00	0.000000000000000000e+00	0.000000000000000000e+00	9.442999999999999545e+02	0.000000000000000000e+00	0.000000000000000000e+00
2.367892976588628642e+02	5.570000000000000284e+01	0.000000000000000000e+00	0.000000000000000000e+00	0.000000000000000000e+00	0.000000000000000000e+00	0.000000000000000000e+00	9.442999999999999545e+02	0.000000000000000000e+00	0.000000000000000000e+00
2.377926421404682173e+02	5.570000000000000284e+01	0.000000000000000000e+00	0.000000000000000000e+00	0.000000000000000000e+00	0.000000000000000000e+00	0.000000000000000000e+00	9.442999999999999545e+02	0.000000000000000000e+00	0.000000000000000000e+00
2.387959866220735705e+02	5.570000000000000284e+01	0.000000000000000000e+00	0.000000000000000000e+00	0.000000000000000000e+00	0.000000000000000000e+00	0.000000000000000000e+00	9.442999999999999545e+02	0.000000000000000000e+00	0.000000000000000000e+00
2.397993311036789237e+02	5.570000000000000284e+01	0.000000000000000000e+00	0.000000000000000000e+00	0.000000000000000000e+00	0.000000000000000000e+00	0.000000000000000000e+00	9.442999999999999545e+02	0.000000000000000000e+00	0.000000000000000000e+00
2.408026755852842768e+02	5.570000000000000284e+01	0.000000000000000000e+00	0.000000000000000000e+00	0.000000000000000000e+00	0.000000000000000000e+00	0.000000000000000000e+00	9.442999999999999545e+02	0.000000000000000000e+00	0.000000000000000000e+00
2.418060200668896300e+02	5.570000000000000284e+01	0.000000000000000000e+00	0.000000000000000000e+00	0.000000000000000000e+00	0.000000000000000000e+00	0.000000000000000000e+00	9.442999999999999545e+02	0.000000000000000000e+00	0.000000000000000000e+00
2.428093645484949832e+02	5.570000000000000284e+01	0.000000000000000000e+00	0.000000000000000000e+00	0.000000000000000000e+00	0.000000000000000000e+00	0.000000000000000000e+00	9.442999999999999545e+02	0.000000000000000000e+00	0.000000000000000000e+00
2.438127090301003363e+02	5.570000000000000284e+01	0.000000000000000000e+00	0.000000000000000000e+00	0.000000000000000000e+00	0.000000000000000000e+00	0.000000000000000000e+00	9.442999999999999545e+02	0.000000000000000000e+00	0.000000000000000000e+00
2.448160535117056895e+02	5.570000000000000284e+01	0.000000000000000000e+00	0.000000000000000000e+00	0.000000000000000000e+00	0.000000000000000000e+00	0.000000000000000000e+00	9.442999999999999545e+02	0.000000000000000000e+00	0.000000000000000000e+00
2.458193979933110427e+02	5.570000000000000284e+01	0.000000000000000000e+00	0.000000000000000000e+00	0.000000000000000000e+00	0.000000000000000000e+00	0.000000000000000000e+00	9.442999999999999545e+02	0.000000000000000000e+00	0.000000000000000000e+00
2.468227424749163958e+02	5.570000000000000284e+01	0.000000000000000000e+00	0.000000000000000000e+00	0.000000000000000000e+00	0.000000000000000000e+00	0.000000000000000000e+00	9.442999999999999545e+02	0.000000000000000000e+00	0.000000000000000000e+00
2.478260869565217490e+02	5.570000000000000284e+01	0.000000000000000000e+00	0.000000000000000000e+00	0.000000000000000000e+00	0.000000000000000000e+00	0.000000000000000000e+00	9.442999999999999545e+02	0.000000000000000000e+00	0.000000000000000000e+00
2.488294314381271022e+02	5.570000000000000284e+01	0.000000000000000000e+00	0.000000000000000000e+00	0.000000000000000000e+00	0.000000000000000000e+00	0.000000000000000000e+00	9.442999999999999545e+02	0.000000000000000000e+00	0.000000000000000000e+00
2.498327759197324269e+02	5.570000000000000284e+01	0.000000000000000000e+00	0.000000000000000000e+00	0.000000000000000000e+00	0.000000000000000000e+00	0.000000000000000000e+00	9.442999999999999545e+02	0.000000000000000000e+00	0.000000000000000000e+00
2.508361204013377801e+02	5.570000000000000284e+01	0.000000000000000000e+00	0.000000000000000000e+00	0.000000000000000000e+00	0.000000000000000000e+00	0.000000000000000000e+00	9.442999999999999545e+02	0.000000000000000000e+00	0.000000000000000000e+00
2.518394648829431333e+02	5.570000000000000284e+01	0.000000000000000000e+00	0.000000000000000000e+00	0.000000000000000000e+00	0.000000000000000000e+00	0.000000000000000000e+00	9.442999999999999545e+02	0.000000000000000000e+00	0.000000000000000000e+00
2.528428093645484864e+02	5.570000000000000284e+01	0.000000000000000000e+00	0.000000000000000000e+00	0.000000000000000000e+00	0.000000000000000000e+00	0.000000000000000000e+00	9.442999999999999545e+02	0.000000000000000000e+00	0.000000000000000000e+00
2.538461538461538396e+02	5.570000000000000284e+01	0.000000000000000000e+00	0.000000000000000000e+00	0.000000000000000000e+00	0.000000000000000000e+00	0.000000000000000000e+00	9.442999999999999545e+02	0.000000000000000000e+00	0.000000000000000000e+00
2.548494983277591928e+02	5.570000000000000284e+01	0.000000000000000000e+00	0.000000000000000000e+00	0.000000000000000000e+00	0.000000000000000000e+00	0.000000000000000000e+00	9.442999999999999545e+02	0.000000000000000000e+00	0.000000000000000000e+00
2.558528428093645459e+02	5.570000000000000284e+01	0.000000000000000000e+00	0.000000000000000000e+00	0.000000000000000000e+00	0.000000000000000000e+00	0.000000000000000000e+00	9.442999999999999545e+02	0.000000000000000000e+00	0.000000000000000000e+00
2.568561872909698991e+02	5.570000000000000284e+01	0.000000000000000000e+00	0.000000000000000000e+00	0.000000000000000000e+00	0.000000000000000000e+00	0.000000000000000000e+00	9.442999999999999545e+02	0.000000000000000000e+00	0.000000000000000000e+00
2.578595317725752238e+02	5.570000000000000284e+01	0.000000000000000000e+00	0.000000000000000000e+00	0.000000000000000000e+00	0.000000000000000000e+00	0.000000000000000000e+00	9.442999999999999545e+02	0.000000000000000000e+00	0.000000000000000000e+00
2.588628762541806054e+02	5.570000000000000284e+01	0.000000000000000000e+00	0.000000000000000000e+00	0.000000000000000000e+00	0.000000000000000000e+00	0.000000000000000000e+00	9.442999999999999545e+02	0.000000000000000000e+00	0.000000000000000000e+00
2.598662207357859302e+02	5.570000000000000284e+01	0.000000000000000000e+00	0.000000000000000000e+00	0.000000000000000000e+00	0.000000000000000000e+00	0.000000000000000000e+00	9.442999999999999545e+02	0.000000000000000000e+00	0.000000000000000000e+00
2.608695652173913118e+02	5.570000000000000284e+01	0.000000000000000000e+00	0.000000000000000000e+00	0.000000000000000000e+00	0.000000000000000000e+00	0.000000000000000000e+00	9.442999999999999545e+02	0.000000000000000000e+00	0.000000000000000000e+00
2.618729096989966365e+02	5.570000000000000284e+01	0.000000000000000000e+00	0.000000000000000000e+00	0.000000000000000000e+00	0.000000000000000000e+00	0.000000000000000000e+00	9.442999999999999545e+02	0.000000000000000000e+00	0.000000000000000000e+00
2.628762541806020181e+02	5.570000000000000284e+01	0.000000000000000000e+00	0.000000000000000000e+00	0.000000000000000000e+00	0.000000000000000000e+00	0.000000000000000000e+00	9.442999999999999545e+02	0.000000000000000000e+00	0.000000000000000000e+00
2.638795986622073428e+02	5.570000000000000284e+01	0.000000000000000000e+00	0.000000000000000000e+00	0.000000000000000000e+00	0.000000000000000000e+00	0.000000000000000000e+00	9.442999999999999545e+02	0.000000000000000000e+00	0.000000000000000000e+00
2.648829431438127244e+02	5.570000000000000284e+01	0.000000000000000000e+00	0.000000000000000000e+00	0.000000000000000000e+00	0.000000000000000000e+00	0.000000000000000000e+00	9.442999999999999545e+02	0.000000000000000000e+00	0.000000000000000000e+00
2.658862876254180492e+02	5.570000000000000284e+01	0.000000000000000000e+00	0.000000000000000000e+00	0.000000000000000000e+00	0.000000000000000000e+00	0.000000000000000000e+00	9.442999999999999545e+02	0.000000000000000000e+00	0.000000000000000000e+00
2.668896321070234308e+02	5.570000000000000284e+01	0.000000000000000000e+00	0.000000000000000000e+00	0.000000000000000000e+00	0.000000000000000000e+00	0.000000000000000000e+00	9.442999999999999545e+02	0.000000000000000000e+00	0.000000000000000000e+00
2.678929765886287555e+02	5.570000000000000284e+01	0.000000000000000000e+00	0.000000000000000000e+00	0.000000000000000000e+00	0.000000000000000000e+00	0.000000000000000000e+00	9.442999999999999545e+02	0.000000000000000000e+00	0.000000000000000000e+00
2.688963210702341371e+02	5.570000000000000284e+01	0.000000000000000000e+00	0.000000000000000000e+00	0.000000000000000000e+00	0.000000000000000000e+00	0.000000000000000000e+00	9.442999999999999545e+02	0.000000000000000000e+00	0.000000000000000000e+00
2.698996655518394618e+02	5.570000000000000284e+01	0.000000000000000000e+00	0.000000000000000000e+00	0.000000000000000000e+00	0.000000000000000000e+00	0.000000000000000000e+00	9.442999999999999545e+02	0.000000000000000000e+00	0.000000000000000000e+00
2.709030100334448434e+02	5.570000000000000284e+01	0.000000000000000000e+00	0.000000000000000000e+00	0.000000000000000000e+00	0.000000000000000000e+00	0.000000000000000000e+00	9.442999999999999545e+02	0.000000000000000000e+00	0.000000000000000000e+00
2.719063545150501682e+02	5.570000000000000284e+01	0.000000000000000000e+00	0.000000000000000000e+00	0.000000000000000000e+00	0.000000000000000000e+00	0.000000000000000000e+00	9.442999999999999545e+02	0.000000000000000000e+00	0.000000000000000000e+00
2.729096989966554929e+02	5.570000000000000284e+01	0.000000000000000000e+00	0.000000000000000000e+00	0.000000000000000000e+00	0.000000000000000000e+00	0.000000000000000000e+00	9.442999999999999545e+02	0.000000000000000000e+00	0.000000000000000000e+00
2.739130434782608745e+02	5.570000000000000284e+01	0.000000000000000000e+00	0.000000000000000000e+00	0.000000000000000000e+00	0.000000000000000000e+00	0.000000000000000000e+00	9.442999999999999545e+02	0.000000000000000000e+00	0.000000000000000000e+00
2.749163879598661993e+02	5.570000000000000284e+01	0.000000000000000000e+00	0.000000000000000000e+00	0.000000000000000000e+00	0.000000000000000000e+00	0.000000000000000000e+00	9.442999999999999545e+02	0.000000000000000000e+00	0.000000000000000000e+00
2.759197324414715808e+02	5.570000000000000284e+01	0.000000000000000000e+00	0.000000000000000000e+00	0.000000000000000000e+00	0.000000000000000000e+00	0.000000000000000000e+00	9.442999999999999545e+02	0.000000000000000000e+00	0.000000000000000000e+00
2.769230769230769056e+02	5.570000000000000284e+01	0.000000000000000000e+00	0.000000000000000000e+00	0.000000000000000000e+00	0.000000000000000000e+00	0.000000000000000000e+00	9.442999999999999545e+02	0.000000000000000000e+00	0.000000000000000000e+00
2.779264214046822872e+02	5.570000000000000284e+01	0.000000000000000000e+00	0.000000000000000000e+00	0.000000000000000000e+00	0.000000000000000000e+00	0.000000000000000000e+00	9.442999999999999545e+02	0.000000000000000000e+00	0.000000000000000000e+00
2.789297658862876119e+02	5.570000000000000284e+01	0.000000000000000000e+00	0.000000000000000000e+00	0.000000000000000000e+00	0.000000000000000000e+00	0.000000000000000000e+00	9.442999999999999545e+02	0.000000000000000000e+00	0.000000000000000000e+00
2.799331103678929935e+02	5.570000000000000284e+01	0.000000000000000000e+00	0.000000000000000000e+00	0.000000000000000000e+00	0.000000000000000000e+00	0.000000000000000000e+00	9.442999999999999545e+02	0.000000000000000000e+00	0.000000000000000000e+00
2.809364548494983183e+02	5.570000000000000284e+01	0.000000000000000000e+00	0.000000000000000000e+00	0.000000000000000000e+00	0.000000000000000000e+00	0.000000000000000000e+00	9.442999999999999545e+02	0.000000000000000000e+00	0.000000000000000000e+00
2.819397993311036998e+02	5.570000000000000284e+01	0.000000000000000000e+00	0.000000000000000000e+00	0.000000000000000000e+00	0.000000000000000000e+00	0.000000000000000000e+00	9.442999999999999545e+02	0.000000000000000000e+00	0.000000000000000000e+00
2.829431438127090246e+02	5.570000000000000284e+01	0.000000000000000000e+00	0.000000000000000000e+00	0.000000000000000000e+00	0.000000000000000000e+00	0.000000000000000000e+00	9.442999999999999545e+02	0.000000000000000000e+00	0.000000000000000000e+00
2.839464882943144062e+02	5.570000000000000284e+01	0.000000000000000000e+00	0.000000000000000000e+00	0.000000000000000000e+00	0.000000000000000000e+00	0.000000000000000000e+00	9.442999999999999545e+02	0.000000000000000000e+00	0.000000000000000000e+00
2.849498327759197309e+02	5.570000000000000284e+01	0.000000000000000000e+00	0.000000000000000000e+00	0.000000000000000000e+00	0.000000000000000000e+00	0.000000000000000000e+00	9.442999999999999545e+02	0.000000000000000000e+00	0.000000000000000000e+00
2.859531772575250557e+02	5.570000000000000284e+01	0.000000000000000000e+00	0.000000000000000000e+00	0.000000000000000000e+00	0.000000000000000000e+00	0.000000000000000000e+00	9.442999999999999545e+02	0.000000000000000000e+00	0.000000000000000000e+00
2.869565217391304373e+02	5.570000000000000284e+01	0.000000000000000000e+00	0.000000000000000000e+00	0.000000000000000000e+00	0.000000000000000000e+00	0.000000000000000000e+00	9.442999999999999545e+02	0.000000000000000000e+00	0.000000000000000000e+00
2.879598662207357620e+02	5.570000000000000284e+01	0.000000000000000000e+00	0.000000000000000000e+00	0.000000000000000000e+00	0.000000000000000000e+00	0.000000000000000000e+00	9.442999999999999545e+02	0.000000000000000000e+00	0.000000000000000000e+00
2.889632107023411436e+02	5.570000000000000284e+01	0.000000000000000000e+00	0.000000000000000000e+00	0.000000000000000000e+00	0.000000000000000000e+00	0.000000000000000000e+00	9.442999999999999545e+02	0.000000000000000000e+00	0.000000000000000000e+00
2.899665551839464683e+02	5.570000000000000284e+01	0.000000000000000000e+00	0.000000000000000000e+00	0.000000000000000000e+00	0.000000000000000000e+00	0.000000000000000000e+00	9.442999999999999545e+02	0.000000000000000000e+00	0.000000000000000000e+00
2.909698996655518499e+02	5.570000000000000284e+01	0.000000000000000000e+00	0.000000000000000000e+00	0.000000000000000000e+00	0.000000000000000000e+00	0.000000000000000000e+00	9.442999999999999545e+02	0.000000000000000000e+00	0.000000000000000000e+00
2.919732441471571747e+02	5.570000000000000284e+01	0.000000000000000000e+00	0.000000000000000000e+00	0.000000000000000000e+00	0.000000000000000000e+00	0.000000000000000000e+00	9.442999999999999545e+02	0.000000000000000000e+00	0.000000000000000000e+00
2.929765886287625563e+02	5.570000000000000284e+01	0.000000000000000000e+00	0.000000000000000000e+00	0.000000000000000000e+00	0.000000000000000000e+00	0.000000000000000000e+00	9.442999999999999545e+02	0.000000000000000000e+00	0.000000000000000000e+00
2.939799331103678810e+02	5.570000000000000284e+01	0.000000000000000000e+00	0.000000000000000000e+00	0.000000000000000000e+00	0.000000000000000000e+00	0.000000000000000000e+00	9.442999999999999545e+02	0.000000000000000000e+00	0.000000000000000000e+00
2.949832775919732626e+02	5.570000000000000284e+01	0.000000000000000000e+00	0.000000000000000000e+00	0.000000000000000000e+00	0.000000000000000000e+00	0.000000000000000000e+00	9.442999999999999545e+02	0.000000000000000000e+00	0.000000000000000000e+00
2.959866220735785873e+02	5.570000000000000284e+01	0.000000000000000000e+00	0.000000000000000000e+00	0.000000000000000000e+00	0.000000000000000000e+00	0.000000000000000000e+00	9.442999999999999545e+02	0.000000000000000000e+00	0.000000000000000000e+00
2.969899665551839689e+02	5.570000000000000284e+01	0.000000000000000000e+00	0.000000000000000000e+00	0.000000000000000000e+00	0.000000000000000000e+00	0.000000000000000000e+00	9.442999999999999545e+02	0.000000000000000000e+00	0.000000000000000000e+00
2.979933110367892937e+02	5.570000000000000284e+01	0.000000000000000000e+00	0.000000000000000000e+00	0.000000000000000000e+00	0.000000000000000000e+00	0.000000000000000000e+00	9.442999999999999545e+02	0.000000000000000000e+00	0.000000000000000000e+00
2.989966555183946753e+02	5.570000000000000284e+01	0.000000000000000000e+00	0.000000000000000000e+00	0.000000000000000000e+00	0.000000000000000000e+00	0.000000000000000000e+00	9.442999999999999545e+02	0.000000000000000000e+00	0.000000000000000000e+00
3.000000000000000000e+02	5.570000000000000284e+01	0.000000000000000000e+00	0.000000000000000000e+00	0.000000000000000000e+00	0.000000000000000000e+00	0.000000000000000000e+00	9.442999999999999545e+02	0.000000000000000000e+00	0.000000000000000000e+00
