0.000000000000000000e+00	0.000000000000000000e+00	0.000000000000000000e+00	0.000000000000000000e+00	0.000000000000000000e+00	0.000000000000000000e+00	0.000000000000000000e+00	0.000000000000000000e+00	0.000000000000000000e+00
1.003344481605351168e+00	1.405956278606182702e-03	0.000000000000000000e+00	-2.433356149044801076e-01	0.000000000000000000e+00	-2.905182666192599253e-02	0.000000000000000000e+00	4.145260583211518579e-02	0.000000000000000000e+00
2.006688963210702337e+00	2.585158282533601276e-03	0.000000000000000000e+00	-2.135757325584338173e-01	0.000000000000000000e+00	-3.587359742263321327e-02	0.000000000000000000e+00	-1.536343222996806868e-01	0.000000000000000000e+00
3.010033444816053283e+00	2.454885028275980048e-03	0.000000000000000000e+00	-1.571209790240662429e-01	0.000000000000000000e+00	-4.115732106599594847e-02	0.000000000000000000e+00	-9.458150512428595280e-02	0.000000000000000000e+00
4.013377926421404673e+00	3.596111967870981637e-03	0.000000000000000000e+00	-1.801442016386312350e-01	0.000000000000000000e+00	-1.186506887958035938e-01	0.000000000000000000e+00	2.450360333589130316e-02	0.000000000000000000e+00
5.016722408026756064e+00	3.928901486176469143e-03	0.000000000000000000e+00	-1.638899727586667632e-01	0.000000000000000000e+00	-8.047389046039019056e-02	0.000000000000000000e+00	-6.173425791346597025e-02	0.000000000000000000e+00
6.020066889632106566e+00	5.523845141325186246e-03	0.000000000000000000e+00	-1.452049794576454056e-01	0.000000000000000000e+00	-1.778660583230279035e-01	0.000000000000000000e+00	-4.166257918602197380e-02	0.000000000000000000e+00
7.023411371237457956e+00	6.211131159841029245e-03	0.000000000000000000e+00	-1.524786772208136520e-01	0.000000000000000000e+00	-1.331739868971962559e-01	0.000000000000000000e+00	-9.120519602602411569e-02	0.000000000000000000e+00
8.026755852842809347e+00	7.168270834050582095e-03	0.000000000000000000e+00	-1.317295151300485745e-01	0.000000000000000000e+00	-1.548113609311848049e-01	0.000000000000000000e+00	-1.010946081005154734e-01	0.000000000000000000e+00
9.030100334448160737e+00	9.066735849983176970e-03	0.000000000000000000e+00	-1.636729008636221006e-01	0.000000000000000000e+00	-1.383075921604279002e-01	0.000000000000000000e+00	-1.156133597261824741e-01	0.000000000000000000e+00
1.003344481605351213e+01	9.364526050485488806e-03	0.000000000000000000e+00	-1.619018587063455750e-01	0.000000000000000000e+00	-8.249160319326767632e-02	0.000000000000000000e+00	-1.347731071132461378e-01	0.000000000000000000e+00
1.103678929765886352e+01	1.100278362079561492e-02	0.000000000000000000e+00	-1.497810287786190686e-01	0.000000000000000000e+00	-1.024159242908872502e-01	0.000000000000000000e+00	-1.428041867021459521e-01	0.000000000000000000e+00
1.204013377926421313e+01	1.250566299470825399e-02	0.000000000000000000e+00	-1.615844495047789875e-01	0.000000000000000000e+00	-1.281392143536974337e-01	0.000000000000000000e+00	-9.773619571806035911e-02	0.000000000000000000e+00
1.304347826086956452e+01	1.445149873050269838e-02	0.000000000000000000e+00	-1.716405244551921783e-01	0.000000000000000000e+00	-1.148103484164509774e-01	0.000000000000000000e+00	-1.026352014231077248e-01	0.000000000000000000e+00
1.404682274247491591e+01	1.677391372919657953e-02	0.000000000000000000e+00	-1.870684717945265418e-01	0.000000000000000000e+00	-1.030864871248424602e-01	0.000000000000000000e+00	-9.919624666482895758e-02	0.000000000000000000e+00
1.505016722408026730e+01	1.999676202820786092e-02	0.000000000000000000e+00	-1.590415342660493891e-01	0.000000000000000000e+00	-1.762689917355658165e-01	0.000000000000000000e+00	-8.182615625267995740e-02	0.000000000000000000e+00
1.605351170568561869e+01	2.302705583116372579e-02	0.000000000000000000e+00	-1.398558430808017894e-01	0.000000000000000000e+00	-2.077208507270899285e-01	0.000000000000000000e+00	-7.587079470485595667e-02	0.000000000000000000e+00
1.705685618729096831e+01	2.541009035084076939e-02	0.000000000000000000e+00	-1.312428699304098167e-01	0.000000000000000000e+00	-1.864319699947121489e-01	0.000000000000000000e+00	-9.951170206243728500e-02	0.000000000000000000e+00
1.806020066889632147e+01	2.888610385169802786e-02	0.000000000000000000e+00	-1.196760479179579534e-01	0.000000000000000000e+00	-1.905085741398544752e-01	0.000000000000000000e+00	-1.079828644070032068e-01	0.000000000000000000e+00
1.906354515050167109e+01	3.515433621339728726e-02	0.000000000000000000e+00	-1.407278119759333979e-01	0.000000000000000000e+00	-1.820270622753145107e-01	0.000000000000000000e+00	-1.179817202777286994e-01	0.000000000000000000e+00
2.006688963210702425e+01	4.128055552741091705e-02	0.000000000000000000e+00	-1.481642662490688933e-01	0.000000000000000000e+00	-1.622885556921120076e-01	0.000000000000000000e+00	-1.395303879417579274e-01	0.000000000000000000e+00
2.107023411371237387e+01	4.504428886981701879e-02	0.000000000000000000e+00	-1.440461050177990476e-01	0.000000000000000000e+00	-1.516392684546397918e-01	0.000000000000000000e+00	-1.377325461084539793e-01	0.000000000000000000e+00
2.207357859531772704e+01	4.989453700924598861e-02	0.000000000000000000e+00	-1.359898431846998657e-01	0.000000000000000000e+00	-1.616858858610649707e-01	0.000000000000000000e+00	-1.273999831913781300e-01	0.000000000000000000e+00
2.307692307692307665e+01	5.509725429443660533e-02	0.000000000000000000e+00	-1.278138302864766096e-01	0.000000000000000000e+00	-1.588842371687816668e-01	0.000000000000000000e+00	-1.272321427855311327e-01	0.000000000000000000e+00
2.408026755852842626e+01	6.158258324781266946e-02	0.000000000000000000e+00	-1.247748892934669313e-01	0.000000000000000000e+00	-1.462932642735119970e-01	0.000000000000000000e+00	-1.339212979233785350e-01	0.000000000000000000e+00
2.508361204013377943e+01	6.419426626687979587e-02	0.000000000000000000e+00	-1.085337283922650498e-01	0.000000000000000000e+00	-1.346143648169784157e-01	0.000000000000000000e+00	-1.311225551003263878e-01	0.000000000000000000e+00
2.608695652173912904e+01	6.984029013855552748e-02	0.000000000000000000e+00	-9.946343597486613508e-02	0.000000000000000000e+00	-1.412240340900413060e-01	0.000000000000000000e+00	-1.205261856529149800e-01	0.000000000000000000e+00
2.709030100334448221e+01	7.707796978313669056e-02	0.000000000000000000e+00	-8.825134636061061910e-02	0.000000000000000000e+00	-1.444308311490941910e-01	0.000000000000000000e+00	-1.177887861674005721e-01	0.000000000000000000e+00
2.809364548494983183e+01	7.818871227963709869e-02	0.000000000000000000e+00	-5.467395604912803769e-02	0.000000000000000000e+00	-1.091652623864283328e-01	0.000000000000000000e+00	-1.383161458885188433e-01	0.000000000000000000e+00
2.909698996655518499e+01	8.011734641403416013e-02	0.000000000000000000e+00	-2.740983598846829725e-02	0.000000000000000000e+00	-1.097320762536934946e-01	0.000000000000000000e+00	-1.319133592075686645e-01	0.000000000000000000e+00
3.010033444816053461e+01	8.324945653385697197e-02	0.000000000000000000e+00	-1.205920612346847269e-02	0.000000000000000000e+00	-9.415270431561678643e-02	0.000000000000000000e+00	-1.319602598244029867e-01	0.000000000000000000e+00
3.110367892976588777e+01	9.320890900986972261e-02	0.000000000000000000e+00	-1.924267693651381464e-02	0.000000000000000000e+00	-8.867058414949091638e-02	0.000000000000000000e+00	-1.263565327539644401e-01	0.000000000000000000e+00
3.210702341137123739e+01	9.586822441352112201e-02	0.000000000000000000e+00	-8.450730517775623856e-04	0.000000000000000000e+00	-9.478256844483083643e-02	0.000000000000000000e+00	-1.143566449257043677e-01	0.000000000000000000e+00
3.311036789297659055e+01	9.462013113084817573e-02	0.000000000000000000e+00	1.707822578583751902e-02	0.000000000000000000e+00	-7.657196764113040344e-02	0.000000000000000000e+00	-1.116217289322406075e-01	0.000000000000000000e+00
3.411371237458193661e+01	9.776025799087008361e-02	0.000000000000000000e+00	2.323578103926032812e-02	0.000000000000000000e+00	-5.947154662274702769e-02	0.000000000000000000e+00	-1.094633845571443692e-01	0.000000000000000000e+00
3.511705685618728978e+01	9.578425135648221955e-02	0.000000000000000000e+00	4.110194161530119489e-02	0.000000000000000000e+00	-5.193150285982016390e-02	0.000000000000000000e+00	-1.022500932066318785e-01	0.000000000000000000e+00
3.612040133779264295e+01	9.495928696843169980e-02	0.000000000000000000e+00	7.236245169279928446e-02	0.000000000000000000e+00	-3.429212818728744755e-02	0.000000000000000000e+00	-1.059287877669051470e-01	0.000000000000000000e+00
3.712374581939799612e+01	8.611432345447009307e-02	0.000000000000000000e+00	7.936412330010103600e-02	0.000000000000000000e+00	4.492295782016411144e-03	0.000000000000000000e+00	-1.047008902669443048e-01	0.000000000000000000e+00
3.812709030100334218e+01	7.217123861587976252e-02	0.000000000000000000e+00	1.141067371835667171e-01	0.000000000000000000e+00	2.825157227005949470e-02	0.000000000000000000e+00	-1.020852493434226266e-01	0.000000000000000000e+00
3.913043478260869534e+01	6.005047814747927620e-02	0.000000000000000000e+00	1.418384578576395438e-01	0.000000000000000000e+00	2.120132359236374595e-02	0.000000000000000000e+00	-8.886662932833000461e-02	0.000000000000000000e+00
4.013377926421404851e+01	5.889927878137839884e-02	0.000000000000000000e+00	1.536546468622627948e-01	0.000000000000000000e+00	2.885639031270461133e-02	0.000000000000000000e+00	-8.478779322122095841e-02	0.000000000000000000e+00
4.113712374581939457e+01	5.096299786967176809e-02	0.000000000000000000e+00	1.603279900780075207e-01	0.000000000000000000e+00	3.879364073105662919e-02	0.000000000000000000e+00	-7.755040619186805151e-02	0.000000000000000000e+00
4.214046822742474774e+01	4.458449788764427824e-02	0.000000000000000000e+00	1.683207834163609196e-01	0.000000000000000000e+00	3.791354816417635137e-02	0.000000000000000000e+00	-6.890951368305804625e-02	0.000000000000000000e+00
4.314381270903010090e+01	3.644218692339135091e-02	0.000000000000000000e+00	2.103320390248868410e-01	0.000000000000000000e+00	3.404716017459520627e-02	0.000000000000000000e+00	-6.455577169626362799e-02	0.000000000000000000e+00
4.414715719063545407e+01	3.208579043098524347e-02	0.000000000000000000e+00	2.041104299169555214e-01	0.000000000000000000e+00	3.513781989338990441e-02	0.000000000000000000e+00	-5.675452520112261173e-02	0.000000000000000000e+00
4.515050167224080013e+01	2.211413523096333530e-02	0.000000000000000000e+00	2.030759810262910137e-01	0.000000000000000000e+00	4.975377733558413590e-02	0.000000000000000000e+00	-5.212243071862805027e-02	0.000000000000000000e+00
4.615384615384615330e+01	1.520685095742282597e-02	0.000000000000000000e+00	1.710061259556307223e-01	0.000000000000000000e+00	7.119020541298554106e-02	0.000000000000000000e+00	-4.706694016704048716e-02	0.000000000000000000e+00
4.715719063545150647e+01	9.803176614076052411e-03	0.000000000000000000e+00	1.694702636987162336e-01	0.000000000000000000e+00	7.226874965085296199e-02	0.000000000000000000e+00	-4.174959380888117189e-02	0.000000000000000000e+00
4.816053511705685253e+01	2.647645493421949578e-04	0.000000000000000000e+00	1.588481233253673519e-01	0.000000000000000000e+00	9.176774018455059745e-02	0.000000000000000000e+00	-3.878982657251944105e-02	0.000000000000000000e+00
4.916387959866220569e+01	-9.964039388763997612e-03	0.000000000000000000e+00	1.538392767358554847e-01	0.000000000000000000e+00	1.083517511279507017e-01	0.000000000000000000e+00	-3.584017469234606484e-02	0.000000000000000000e+00
5.016722408026755886e+01	-1.398478711703172311e-02	0.000000000000000000e+00	1.273641791335714812e-01	0.000000000000000000e+00	1.347737655339244778e-01	0.000000000000000000e+00	-3.428025427206654596e-02	0.000000000000000000e+00
5.117056856187291203e+01	-1.411316918611697953e-02	0.000000000000000000e+00	7.114073806050726090e-02	0.000000000000000000e+00	1.381679457386841281e-01	0.000000000000000000e+00	-2.768281188296084841e-02	0.000000000000000000e+00
5.217391304347825809e+01	-2.754972372481687137e-02	0.000000000000000000e+00	8.671763452482025847e-02	0.000000000000000000e+00	1.422256247330419276e-01	0.000000000000000000e+00	-2.474808541661676839e-02	0.000000000000000000e+00
5.317725752508361126e+01	-2.462539175233843802e-02	0.000000000000000000e+00	5.670329098368129955e-02	0.000000000000000000e+00	1.308491163045670813e-01	0.000000000000000000e+00	-1.980280083461519874e-02	0.000000000000000000e+00
5.418060200668896442e+01	-2.475163274106224540e-02	0.000000000000000000e+00	3.499923504651614170e-02	0.000000000000000000e+00	1.278573591169781254e-01	0.000000000000000000e+00	-1.645960600047544076e-02	0.000000000000000000e+00
5.518394648829431759e+01	-2.470237947261444064e-02	0.000000000000000000e+00	9.975113567204797749e-03	0.000000000000000000e+00	9.777059288892844813e-02	0.000000000000000000e+00	-1.010159755429169623e-02	0.000000000000000000e+00
5.618729096989966365e+01	-2.321283430939560452e-02	0.000000000000000000e+00	1.694208007925263458e-05	0.000000000000000000e+00	9.112009179445706986e-02	0.000000000000000000e+00	-8.175377494861260641e-03	0.000000000000000000e+00
5.719063545150501682e+01	-1.966253475067094442e-02	0.000000000000000000e+00	6.266299195897074951e-03	0.000000000000000000e+00	7.764466420456860030e-02	0.000000000000000000e+00	-6.835745712583734916e-03	0.000000000000000000e+00
5.819397993311036998e+01	-2.229623630242936680e-02	0.000000000000000000e+00	2.227362868233490403e-02	0.000000000000000000e+00	6.449011441436675041e-02	0.000000000000000000e+00	-5.268982883822911738e-03	0.000000000000000000e+00
5.919732441471571605e+01	-1.254527143040860306e-02	0.000000000000000000e+00	-9.992736254855378881e-04	0.000000000000000000e+00	7.079727879416838898e-02	0.000000000000000000e+00	-5.593741538190792444e-03	0.000000000000000000e+00
6.020066889632106921e+01	-1.220225049964316841e-02	0.000000000000000000e+00	-1.287190660687442291e-02	0.000000000000000000e+00	4.161286849489580220e-02	0.000000000000000000e+00	-2.120222654178233451e-03	0.000000000000000000e+00
6.120401337792642238e+01	-4.740341312499902170e-03	0.000000000000000000e+00	-2.144300949983589388e-02	0.000000000000000000e+00	2.413797680676195434e-02	0.000000000000000000e+00	-9.319971308929339169e-04	0.000000000000000000e+00
6.220735785953177555e+01	-3.986493541966123696e-03	0.000000000000000000e+00	-2.219451880559313028e-02	0.000000000000000000e+00	3.835895631360549535e-02	0.000000000000000000e+00	-2.026963039241711992e-03	0.000000000000000000e+00
6.321070234113712161e+01	-8.566175725492680346e-03	0.000000000000000000e+00	3.326748704757662156e-02	0.000000000000000000e+00	3.393325915775679408e-02	0.000000000000000000e+00	-2.527973774547383461e-03	0.000000000000000000e+00
6.421404682274247477e+01	-1.048015799074377731e-02	0.000000000000000000e+00	6.179254559851143913e-02	0.000000000000000000e+00	3.162391494058416214e-02	0.000000000000000000e+00	-2.538890298132083501e-03	0.000000000000000000e+00
6.521739130434782794e+01	-3.437476182863329587e-03	0.000000000000000000e+00	-2.241958905217901130e-02	0.000000000000000000e+00	2.813555513774785438e-02	0.000000000000000000e+00	-9.748864346280486154e-04	0.000000000000000000e+00
6.622073578595318111e+01	-9.294172811814278845e-03	0.000000000000000000e+00	-4.730043065245676664e-02	0.000000000000000000e+00	4.615591995392440139e-02	0.000000000000000000e+00	-8.516782859425902708e-04	0.000000000000000000e+00
6.722408026755853427e+01	-2.468684150524292752e-03	0.000000000000000000e+00	-7.206345518215845347e-02	0.000000000000000000e+00	4.993845023431269653e-02	0.000000000000000000e+00	-1.050051014270522677e-03	0.000000000000000000e+00
6.822742474916387323e+01	1.281489831968736330e-03	0.000000000000000000e+00	-1.091831088275249384e-01	0.000000000000000000e+00	7.092276441193989811e-02	0.000000000000000000e+00	-1.522079108020963668e-03	0.000000000000000000e+00
6.923076923076922640e+01	2.882057963535249786e-03	0.000000000000000000e+00	-1.168485633908128707e-01	0.000000000000000000e+00	4.585416386253898108e-02	0.000000000000000000e+00	-4.052329911135328774e-04	0.000000000000000000e+00
7.023411371237457956e+01	1.066742391609881539e-02	0.000000000000000000e+00	-1.095172578019428938e-01	0.000000000000000000e+00	6.569823249057507586e-02	0.000000000000000000e+00	-1.876659381543581808e-03	0.000000000000000000e+00
7.123745819397993273e+01	2.047590022716508015e-02	0.000000000000000000e+00	-1.225218547031402677e-01	0.000000000000000000e+00	4.330257251558310844e-02	0.000000000000000000e+00	-1.578347301356585863e-03	0.000000000000000000e+00
7.224080267558528590e+01	2.144889612674534540e-02	0.000000000000000000e+00	-9.318364888098173981e-02	0.000000000000000000e+00	1.469450824796998852e-02	0.000000000000000000e+00	-1.070254575548457284e-03	0.000000000000000000e+00
7.324414715719063906e+01	2.695082369075998616e-02	0.000000000000000000e+00	-5.474635015525258774e-02	0.000000000000000000e+00	-2.408515222776603029e-02	0.000000000000000000e+00	-6.561984979811314638e-04	0.000000000000000000e+00
7.424749163879599223e+01	2.277265295519837265e-02	0.000000000000000000e+00	-1.854351178821112001e-02	0.000000000000000000e+00	9.083332282059054449e-03	0.000000000000000000e+00	-1.745732665505092714e-03	0.000000000000000000e+00
7.525083612040133119e+01	2.764762415697157721e-02	0.000000000000000000e+00	-6.118116359936305593e-02	0.000000000000000000e+00	3.694152422365427207e-02	0.000000000000000000e+00	-2.412679248969193391e-03	0.000000000000000000e+00
7.625418060200668435e+01	3.045494010336700572e-02	0.000000000000000000e+00	-5.671110437927104342e-02	0.000000000000000000e+00	2.999724893188174257e-02	0.000000000000000000e+00	-2.417176699014546813e-03	0.000000000000000000e+00
7.725752508361203752e+01	3.263875386864573125e-02	0.000000000000000000e+00	-1.179099323355999596e-01	0.000000000000000000e+00	1.935427947654932632e-02	0.000000000000000000e+00	-1.850275273237553426e-03	0.000000000000000000e+00
7.826086956521739069e+01	3.240521423701320236e-02	0.000000000000000000e+00	-9.907850204544646489e-02	0.000000000000000000e+00	4.379447306958070968e-02	0.000000000000000000e+00	-2.439053252508857194e-03	0.000000000000000000e+00
7.926421404682274385e+01	3.128956369667122706e-02	0.000000000000000000e+00	-4.475428942289538109e-02	0.000000000000000000e+00	1.807045968259068242e-02	0.000000000000000000e+00	-2.193530569955546260e-03	0.000000000000000000e+00
8.026755852842809702e+01	3.939355425775710462e-02	0.000000000000000000e+00	-1.343493885555581135e-01	0.000000000000000000e+00	3.462552299752353832e-03	0.000000000000000000e+00	-1.967352960620993244e-03	0.000000000000000000e+00
8.127090301003345019e+01	3.970953749921604659e-02	0.000000000000000000e+00	-1.423836527411875552e-01	0.000000000000000000e+00	-3.933209223167619811e-02	0.000000000000000000e+00	-1.307433927769581635e-03	0.000000000000000000e+00
8.227424749163878914e+01	3.890340109118596568e-02	0.000000000000000000e+00	-7.130647160689476682e-02	0.000000000000000000e+00	-6.511779734631467642e-02	0.000000000000000000e+00	-1.280338755886960668e-03	0.000000000000000000e+00
8.327759197324414231e+01	4.214240548176075712e-02	0.000000000000000000e+00	-2.421577804801546829e-01	0.000000000000000000e+00	-7.209288757759389765e-02	0.000000000000000000e+00	-6.777677275088041936e-04	0.000000000000000000e+00
8.428093645484949548e+01	4.064633087560017011e-02	0.000000000000000000e+00	-2.951843214464413001e-01	0.000000000000000000e+00	-1.210589826502025783e-02	0.000000000000000000e+00	-1.214016016555448255e-03	0.000000000000000000e+00
8.528428093645484864e+01	5.028307358652440301e-02	0.000000000000000000e+00	-3.767620210675035608e-01	0.000000000000000000e+00	2.454647440743011610e-02	0.000000000000000000e+00	-1.791482512717815960e-03	0.000000000000000000e+00
8.628762541806020181e+01	5.148939114516871279e-02	0.000000000000000000e+00	-2.933196185850470150e-01	0.000000000000000000e+00	-1.371490666986948347e-02	0.000000000000000000e+00	-2.075375590011014400e-03	0.000000000000000000e+00
8.729096989966555498e+01	5.127762048134137246e-02	0.000000000000000000e+00	-3.381758212434333721e-01	0.000000000000000000e+00	3.757973024020209996e-02	0.000000000000000000e+00	-2.377310004175759665e-03	0.000000000000000000e+00
8.829431438127090814e+01	5.324282213707546424e-02	0.000000000000000000e+00	-3.995072013763772967e-01	0.000000000000000000e+00	3.903450341173315963e-02	0.000000000000000000e+00	-2.258591723934716758e-03	0.000000000000000000e+00
8.929765886287624710e+01	5.555130241488515086e-02	0.000000000000000000e+00	-4.175200500525873548e-01	0.000000000000000000e+00	5.047462752409831444e-02	0.000000000000000000e+00	-2.459094813985868936e-03	0.000000000000000000e+00
9.030100334448160027e+01	5.447883474015625949e-02	0.000000000000000000e+00	-3.031635815440325565e-01	0.000000000000000000e+00	-4.286921027750634217e-02	0.000000000000000000e+00	-2.328052367762630838e-03	0.000000000000000000e+00
9.130434782608695343e+01	5.737325128024227394e-02	0.000000000000000000e+00	-3.042302619640195882e-01	0.000000000000000000e+00	-1.142508743617713235e-01	0.000000000000000000e+00	-2.071348914675196027e-03	0.000000000000000000e+00
9.230769230769230660e+01	5.680862737227519027e-02	0.000000000000000000e+00	-3.351372233155948677e-01	0.000000000000000000e+00	-5.880028942439326223e-02	0.000000000000000000e+00	-2.428088201254040030e-03	0.000000000000000000e+00
9.331103678929765977e+01	5.646372809310042790e-02	0.000000000000000000e+00	-3.253931467210945949e-01	0.000000000000000000e+00	-1.267100263984877462e-01	0.000000000000000000e+00	-2.111248417751465829e-03	0.000000000000000000e+00
9.431438127090301293e+01	5.818904294407674371e-02	0.000000000000000000e+00	-2.562488320084904125e-01	0.000000000000000000e+00	-1.571320681650549278e-01	0.000000000000000000e+00	-2.287132878778156894e-03	0.000000000000000000e+00
9.531772575250836610e+01	5.635843848827750552e-02	0.000000000000000000e+00	5.056144409326137484e-02	0.000000000000000000e+00	-2.326463927710577251e-01	0.000000000000000000e+00	-2.204058351553047149e-03	0.000000000000000000e+00
9.632107023411370506e+01	5.469473007222525746e-02	0.000000000000000000e+00	2.266547042351826635e-01	0.000000000000000000e+00	-1.481506501625026173e-01	0.000000000000000000e+00	-2.813990493639019139e-03	0.000000000000000000e+00
9.732441471571905822e+01	5.692389897923192527e-02	0.000000000000000000e+00	-1.335139962018487003e-01	0.000000000000000000e+00	-1.408326596575906198e-01	0.000000000000000000e+00	-2.729817990859122884e-03	0.000000000000000000e+00
9.832775919732441139e+01	5.554453874901815746e-02	0.000000000000000000e+00	4.165700442498567746e-01	0.000000000000000000e+00	-1.490800417000072431e-01	0.000000000000000000e+00	-3.009757833490498465e-03	0.000000000000000000e+00
9.933110367892976456e+01	5.429085407521603429e-02	0.000000000000000000e+00	1.144497838975969239e+00	0.000000000000000000e+00	-1.772554608834291112e-01	0.000000000000000000e+00	-3.012877006275507634e-03	0.000000000000000000e+00
1.003344481605351177e+02	5.502533310769948394e-02	0.000000000000000000e+00	4.610485628141505754e-01	0.000000000000000000e+00	4.159095163924281940e-02	0.000000000000000000e+00	-3.583574895918044140e-03	0.000000000000000000e+00
1.013377926421404709e+02	5.586654490245960419e-02	0.000000000000000000e+00	3.273137183033100750e-01	0.000000000000000000e+00	-9.178443220938212188e-02	0.000000000000000000e+00	-3.235316139673287492e-03	0.000000000000000000e+00
1.023411371237458241e+02	5.680548001556573467e-02	0.000000000000000000e+00	-3.531350515842635041e-02	0.000000000000000000e+00	-9.859345156737071847e-02	0.000000000000000000e+00	-3.130292717352546085e-03	0.000000000000000000e+00
1.033444816053511772e+02	5.594505228118380052e-02	0.000000000000000000e+00	9.556119701212423267e-02	0.000000000000000000e+00	2.269026345924012901e-03	0.000000000000000000e+00	-3.371450046690999385e-03	0.000000000000000000e+00
1.043478260869565162e+02	5.516297249123284369e-02	0.000000000000000000e+00	-4.584657502288425057e-03	0.000000000000000000e+00	2.571140124401405380e-02	0.000000000000000000e+00	-3.321051845539690992e-03	0.000000000000000000e+00
1.053511705685618693e+02	5.445209427284718878e-02	0.000000000000000000e+00	-9.551914780428327756e-02	0.000000000000000000e+00	-4.779713089671251865e-03	0.000000000000000000e+00	-3.188557531602861841e-03	0.000000000000000000e+00
1.063545150501672225e+02	5.758296105114422969e-02	0.000000000000000000e+00	-4.520753289137254827e-01	0.000000000000000000e+00	-3.010387144028808110e-02	0.000000000000000000e+00	-3.077625354796329534e-03	0.000000000000000000e+00
1.073578595317725757e+02	5.699337087474137115e-02	0.000000000000000000e+00	-5.021024187577630693e-01	0.000000000000000000e+00	1.227444980044977152e-01	0.000000000000000000e+00	-3.197864818419798427e-03	0.000000000000000000e+00
1.083612040133779288e+02	5.645741162490434950e-02	0.000000000000000000e+00	-3.213193313311693555e-01	0.000000000000000000e+00	-1.359637533400284426e-01	0.000000000000000000e+00	-3.018613216758558437e-03	0.000000000000000000e+00
1.093645484949832820e+02	5.597024213874278453e-02	0.000000000000000000e+00	-3.832335523189556725e-01	0.000000000000000000e+00	-1.487025814921204003e-01	0.000000000000000000e+00	-2.961386582456491338e-03	0.000000000000000000e+00
1.103678929765886352e+02	5.552740354313287496e-02	0.000000000000000000e+00	-4.394751316755224346e-01	0.000000000000000000e+00	-1.554152749392184174e-01	0.000000000000000000e+00	-2.918937374141565306e-03	0.000000000000000000e+00
1.113712374581939741e+02	5.512481880186081290e-02	0.000000000000000000e+00	-4.905781955396281147e-01	0.000000000000000000e+00	2.069683796020616029e-01	0.000000000000000000e+00	-3.207095193138765916e-03	0.000000000000000000e+00
1.123745819397993273e+02	5.475880355875650113e-02	0.000000000000000000e+00	-3.826931082420670371e-01	0.000000000000000000e+00	9.758312043687727977e-02	0.000000000000000000e+00	-3.190247551326991660e-03	0.000000000000000000e+00
1.133779264214046805e+02	5.442608225473417188e-02	0.000000000000000000e+00	-4.389549929342559387e-01	0.000000000000000000e+00	-1.913872616023620191e-03	0.000000000000000000e+00	-3.078826527886409717e-03	0.000000000000000000e+00
1.143812709030100336e+02	5.412364686195156316e-02	0.000000000000000000e+00	-4.900698934758536129e-01	0.000000000000000000e+00	1.117718015380546825e+00	0.000000000000000000e+00	-3.400163132119642367e-03	0.000000000000000000e+00
1.153846153846153868e+02	5.384872587943324851e-02	0.000000000000000000e+00	-3.047702962637871549e-01	0.000000000000000000e+00	1.888516558556249780e+00	0.000000000000000000e+00	-3.519292388780066120e-03	0.000000000000000000e+00
1.163879598662207400e+02	5.359878404212353037e-02	0.000000000000000000e+00	2.638282169134484323e-01	0.000000000000000000e+00	1.626511235044188597e+00	0.000000000000000000e+00	-3.541156074001907631e-03	0.000000000000000000e+00
1.173913043478260931e+02	5.526268826475973922e-02	0.000000000000000000e+00	-4.256373192691916274e-01	0.000000000000000000e+00	1.388199401938598587e+00	0.000000000000000000e+00	-3.465032474712127514e-03	0.000000000000000000e+00
1.183946488294314321e+02	5.505573904538967056e-02	0.000000000000000000e+00	-4.779373204180703549e-01	0.000000000000000000e+00	3.342957341529655402e+00	0.000000000000000000e+00	-3.501390820865785559e-03	0.000000000000000000e+00
1.193979933110367853e+02	5.486762863231441772e-02	0.000000000000000000e+00	-5.254604865658867308e-01	0.000000000000000000e+00	2.948828647611521081e+00	0.000000000000000000e+00	-3.438472121046234377e-03	0.000000000000000000e+00
1.204013377926421384e+02	5.469663341889856312e-02	0.000000000000000000e+00	-5.686466798195037864e-01	0.000000000000000000e+00	2.590441586048326528e+00	0.000000000000000000e+00	-3.381268330586107741e-03	0.000000000000000000e+00
1.214046822742474916e+02	5.454117367828548862e-02	0.000000000000000000e+00	-6.079010301378476866e-01	0.000000000000000000e+00	2.264523261683757394e+00	0.000000000000000000e+00	-3.329253701293515780e-03	0.000000000000000000e+00
1.224080267558528448e+02	5.439982089723904846e-02	0.000000000000000000e+00	-6.435879954314210893e-01	0.000000000000000000e+00	1.968106942852466235e+00	0.000000000000000000e+00	-3.281952456753130850e-03	0.000000000000000000e+00
1.234113712374581979e+02	5.427131868457948233e-02	0.000000000000000000e+00	-6.760241406950464604e-01	0.000000000000000000e+00	1.698573162253546709e+00	0.000000000000000000e+00	-3.238945909764006769e-03	0.000000000000000000e+00
1.244147157190635511e+02	5.415451547590441339e-02	0.000000000000000000e+00	-7.055008442547813230e-01	0.000000000000000000e+00	1.453521875500075833e+00	0.000000000000000000e+00	-3.199850138460454217e-03	0.000000000000000000e+00
1.254180602006688900e+02	5.404834481259641193e-02	0.000000000000000000e+00	-7.322887368382285933e-01	0.000000000000000000e+00	1.230730732179150744e+00	0.000000000000000000e+00	-3.164309461770835243e-03	0.000000000000000000e+00
1.264214046822742432e+02	5.395182534182207945e-02	0.000000000000000000e+00	0.000000000000000000e+00	0.000000000000000000e+00	-3.239483080493749112e-01	0.000000000000000000e+00	-3.131996439416837724e-03	0.000000000000000000e+00
1.274247491638795964e+02	5.386406162302014022e-02	0.000000000000000000e+00	0.000000000000000000e+00	0.000000000000000000e+00	-7.803569429062864882e-02	0.000000000000000000e+00	-3.208204500951903747e-03	0.000000000000000000e+00
1.284280936454849495e+02	5.378426453199346147e-02	0.000000000000000000e+00	0.000000000000000000e+00	0.000000000000000000e+00	-1.617995487772505570e-01	0.000000000000000000e+00	-3.181488244570837651e-03	0.000000000000000000e+00
1.294314381270903027e+02	5.371172951285146935e-02	0.000000000000000000e+00	0.000000000000000000e+00	0.000000000000000000e+00	-2.379511168982158253e-01	0.000000000000000000e+00	-3.157201573166691297e-03	0.000000000000000000e+00
1.304347826086956559e+02	5.364580174850309968e-02	0.000000000000000000e+00	0.000000000000000000e+00	0.000000000000000000e+00	-3.071752522112014550e-01	0.000000000000000000e+00	-3.135125719327667201e-03	0.000000000000000000e+00
1.314381270903010090e+02	5.358587500709602325e-02	0.000000000000000000e+00	0.000000000000000000e+00	0.000000000000000000e+00	-3.701058679670056195e-01	0.000000000000000000e+00	-3.115058101322552321e-03	0.000000000000000000e+00
1.324414715719063622e+02	5.353139164201688865e-02	0.000000000000000000e+00	0.000000000000000000e+00	0.000000000000000000e+00	1.453481257809052796e-01	0.000000000000000000e+00	-3.202394105315561727e-03	0.000000000000000000e+00
1.334448160535117154e+02	5.348184494629076163e-02	0.000000000000000000e+00	0.000000000000000000e+00	0.000000000000000000e+00	4.126898504260886891e-02	0.000000000000000000e+00	-3.185802506237070224e-03	0.000000000000000000e+00
1.344481605351170685e+02	5.343679601923257555e-02	0.000000000000000000e+00	0.000000000000000000e+00	0.000000000000000000e+00	-5.336982658561181814e-02	0.000000000000000000e+00	-3.170716390338654701e-03	0.000000000000000000e+00
1.354515050167224217e+02	5.339584891714234394e-02	0.000000000000000000e+00	0.000000000000000000e+00	0.000000000000000000e+00	-1.393985778278562793e-01	0.000000000000000000e+00	-3.157003337267647643e-03	0.000000000000000000e+00
1.364548494983277465e+02	5.335863427432634837e-02	0.000000000000000000e+00	0.000000000000000000e+00	0.000000000000000000e+00	-2.175916470733429975e-01	0.000000000000000000e+00	-3.144539802076256121e-03	0.000000000000000000e+00
1.374581939799330996e+02	5.332480920340940816e-02	0.000000000000000000e+00	0.000000000000000000e+00	0.000000000000000000e+00	-2.886677537901659041e-01	0.000000000000000000e+00	-3.133211082028786870e-03	0.000000000000000000e+00
1.384615384615384528e+02	5.329405729533424896e-02	0.000000000000000000e+00	0.000000000000000000e+00	0.000000000000000000e+00	-3.532899585252814445e-01	0.000000000000000000e+00	-3.122911316601523993e-03	0.000000000000000000e+00
1.394648829431438060e+02	5.326608930632414918e-02	0.000000000000000000e+00	0.000000000000000000e+00	0.000000000000000000e+00	-4.120644374076557481e-01	0.000000000000000000e+00	-3.113543717766726563e-03	0.000000000000000000e+00
1.404682274247491591e+02	5.324065528315584384e-02	0.000000000000000000e+00	0.000000000000000000e+00	0.000000000000000000e+00	-4.655161325972074771e-01	0.000000000000000000e+00	-3.105024632479315514e-03	0.000000000000000000e+00
1.414715719063545123e+02	5.321753564730850872e-02	0.000000000000000000e+00	0.000000000000000000e+00	0.000000000000000000e+00	-5.141061821993561098e-01	0.000000000000000000e+00	-3.097280566445644728e-03	0.000000000000000000e+00
1.424749163879598655e+02	5.319652493723141945e-02	0.000000000000000000e+00	0.000000000000000000e+00	0.000000000000000000e+00	-5.582659596605564767e-01	0.000000000000000000e+00	-3.090242746715641566e-03	0.000000000000000000e+00
1.434782608695652186e+02	5.317743127416976051e-02	0.000000000000000000e+00	0.000000000000000000e+00	0.000000000000000000e+00	-5.983982511148842054e-01	0.000000000000000000e+00	-3.083846943064431131e-03	0.000000000000000000e+00
1.444816053511705718e+02	5.316007636216424359e-02	0.000000000000000000e+00	0.000000000000000000e+00	0.000000000000000000e+00	0.000000000000000000e+00	0.000000000000000000e+00	-3.183606057902296088e-03	0.000000000000000000e+00
1.454849498327759250e+02	5.314429548805124637e-02	0.000000000000000000e+00	0.000000000000000000e+00	0.000000000000000000e+00	0.000000000000000000e+00	0.000000000000000000e+00	-3.178320326441688454e-03	0.000000000000000000e+00
1.464882943143812781e+02	5.312993929183296854e-02	0.000000000000000000e+00	0.000000000000000000e+00	0.000000000000000000e+00	0.000000000000000000e+00	0.000000000000000000e+00	-3.173511718752288976e-03	0.000000000000000000e+00
1.474916387959866313e+02	5.311688324097925407e-02	0.000000000000000000e+00	0.000000000000000000e+00	0.000000000000000000e+00	0.000000000000000000e+00	0.000000000000000000e+00	-3.169138538588391930e-03	0.000000000000000000e+00
1.484949832775919845e+02	5.310501604229508205e-02	0.000000000000000000e+00	0.000000000000000000e+00	0.000000000000000000e+00	0.000000000000000000e+00	0.000000000000000000e+00	-3.165163521445849525e-03	0.000000000000000000e+00
1.494983277591973376e+02	5.309423289258312362e-02	0.000000000000000000e+00	0.000000000000000000e+00	0.000000000000000000e+00	0.000000000000000000e+00	0.000000000000000000e+00	-3.161551575059953940e-03	0.000000000000000000e+00
1.505016722408026624e+02	5.308443545070518771e-02	0.000000000000000000e+00	0.000000000000000000e+00	0.000000000000000000e+00	0.000000000000000000e+00	0.000000000000000000e+00	-3.158269770041288553e-03	0.000000000000000000e+00
1.515050167224080155e+02	5.307553183758254023e-02	0.000000000000000000e+00	0.000000000000000000e+00	0.000000000000000000e+00	0.000000000000000000e+00	0.000000000000000000e+00	-3.155287339876092223e-03	0.000000000000000000e+00
1.525083612040133687e+02	5.306743663619658408e-02	0.000000000000000000e+00	0.000000000000000000e+00	0.000000000000000000e+00	0.000000000000000000e+00	0.000000000000000000e+00	-3.152575680925895438e-03	0.000000000000000000e+00
1.535117056856187219e+02	5.306007114136004899e-02	0.000000000000000000e+00	0.000000000000000000e+00	0.000000000000000000e+00	0.000000000000000000e+00	0.000000000000000000e+00	-3.150108436000531240e-03	0.000000000000000000e+00
1.545150501672240750e+02	5.305336933875680339e-02	0.000000000000000000e+00	0.000000000000000000e+00	0.000000000000000000e+00	0.000000000000000000e+00	0.000000000000000000e+00	-3.147863496120889906e-03	0.000000000000000000e+00
1.555183946488294282e+02	5.304727596349644719e-02	0.000000000000000000e+00	0.000000000000000000e+00	0.000000000000000000e+00	0.000000000000000000e+00	0.000000000000000000e+00	-3.145822352025864996e-03	0.000000000000000000e+00
1.565217391304347814e+02	5.304173891275009572e-02	0.000000000000000000e+00	0.000000000000000000e+00	0.000000000000000000e+00	0.000000000000000000e+00	0.000000000000000000e+00	-3.143967553451638367e-03	0.000000000000000000e+00
1.575250836120401345e+02	5.303670895051856848e-02	0.000000000000000000e+00	0.000000000000000000e+00	0.000000000000000000e+00	0.000000000000000000e+00	0.000000000000000000e+00	-3.142282610125046987e-03	0.000000000000000000e+00
1.585284280936454877e+02	5.303213970763226426e-02	0.000000000000000000e+00	0.000000000000000000e+00	0.000000000000000000e+00	0.000000000000000000e+00	0.000000000000000000e+00	-3.140751991762379038e-03	0.000000000000000000e+00
1.595317725752508409e+02	5.302798768175204930e-02	0.000000000000000000e+00	0.000000000000000000e+00	0.000000000000000000e+00	0.000000000000000000e+00	0.000000000000000000e+00	-3.139361128070219161e-03	0.000000000000000000e+00
1.605351170568561940e+02	5.302421223736838302e-02	0.000000000000000000e+00	0.000000000000000000e+00	0.000000000000000000e+00	0.000000000000000000e+00	0.000000000000000000e+00	-3.138096408745083294e-03	0.000000000000000000e+00
1.615384615384615472e+02	5.302077582161673908e-02	0.000000000000000000e+00	0.000000000000000000e+00	0.000000000000000000e+00	0.000000000000000000e+00	0.000000000000000000e+00	-3.136945255727588769e-03	0.000000000000000000e+00
1.625418060200669004e+02	5.301764827651030132e-02	0.000000000000000000e+00	0.000000000000000000e+00	0.000000000000000000e+00	0.000000000000000000e+00	0.000000000000000000e+00	-3.135897567218524223e-03	0.000000000000000000e+00
1.635451505016722535e+02	5.301480442308102031e-02	0.000000000000000000e+00	0.000000000000000000e+00	0.000000000000000000e+00	0.000000000000000000e+00	0.000000000000000000e+00	-3.134944909164375480e-03	0.000000000000000000e+00
1.645484949832775783e+02	5.301222021074215168e-02	0.000000000000000000e+00	0.000000000000000000e+00	0.000000000000000000e+00	0.000000000000000000e+00	0.000000000000000000e+00	-3.134079225534510023e-03	0.000000000000000000e+00
1.655518394648829315e+02	5.300987285098696100e-02	0.000000000000000000e+00	0.000000000000000000e+00	0.000000000000000000e+00	0.000000000000000000e+00	0.000000000000000000e+00	-3.133292883014924396e-03	0.000000000000000000e+00
1.665551839464882846e+02	5.300774081738813398e-02	0.000000000000000000e+00	0.000000000000000000e+00	0.000000000000000000e+00	0.000000000000000000e+00	0.000000000000000000e+00	-3.132578671007883384e-03	0.000000000000000000e+00
1.675585284280936378e+02	5.300580384559762381e-02	0.000000000000000000e+00	0.000000000000000000e+00	0.000000000000000000e+00	0.000000000000000000e+00	0.000000000000000000e+00	-3.131929801632642521e-03	0.000000000000000000e+00
1.685618729096989910e+02	5.300404293334755323e-02	0.000000000000000000e+00	0.000000000000000000e+00	0.000000000000000000e+00	0.000000000000000000e+00	0.000000000000000000e+00	-3.131339909724844411e-03	0.000000000000000000e+00
1.695652173913043441e+02	5.300244034151679190e-02	0.000000000000000000e+00	0.000000000000000000e+00	0.000000000000000000e+00	0.000000000000000000e+00	0.000000000000000000e+00	-3.130803053194569554e-03	0.000000000000000000e+00
1.705685618729096973e+02	5.300098118205938402e-02	0.000000000000000000e+00	0.000000000000000000e+00	0.000000000000000000e+00	0.000000000000000000e+00	0.000000000000000000e+00	-3.130314244855839957e-03	0.000000000000000000e+00
1.715719063545150505e+02	5.299965400454687003e-02	0.000000000000000000e+00	0.000000000000000000e+00	0.000000000000000000e+00	0.000000000000000000e+00	0.000000000000000000e+00	-3.129869648977957712e-03	0.000000000000000000e+00
1.725752508361204036e+02	5.299844777227698950e-02	0.000000000000000000e+00	0.000000000000000000e+00	0.000000000000000000e+00	0.000000000000000000e+00	0.000000000000000000e+00	-3.129465568469535011e-03	0.000000000000000000e+00
1.735785953177257568e+02	5.299735201098696585e-02	0.000000000000000000e+00	0.000000000000000000e+00	0.000000000000000000e+00	0.000000000000000000e+00	0.000000000000000000e+00	-3.129098494639691481e-03	0.000000000000000000e+00
1.745819397993311100e+02	5.299635680885348560e-02	0.000000000000000000e+00	0.000000000000000000e+00	0.000000000000000000e+00	0.000000000000000000e+00	0.000000000000000000e+00	-3.128765107198417175e-03	0.000000000000000000e+00
1.755852842809364631e+02	5.299545281649260808e-02	0.000000000000000000e+00	0.000000000000000000e+00	0.000000000000000000e+00	0.000000000000000000e+00	0.000000000000000000e+00	-3.128462274256088582e-03	0.000000000000000000e+00
1.765886287625418163e+02	5.299463124696023736e-02	0.000000000000000000e+00	0.000000000000000000e+00	0.000000000000000000e+00	0.000000000000000000e+00	0.000000000000000000e+00	-3.128187052323831187e-03	0.000000000000000000e+00
1.775919732441471695e+02	5.299388387575149767e-02	0.000000000000000000e+00	0.000000000000000000e+00	0.000000000000000000e+00	0.000000000000000000e+00	0.000000000000000000e+00	-3.127936686313279209e-03	0.000000000000000000e+00
1.785953177257524942e+02	5.299320325698192446e-02	0.000000000000000000e+00	0.000000000000000000e+00	0.000000000000000000e+00	0.000000000000000000e+00	0.000000000000000000e+00	-3.127708681947974096e-03	0.000000000000000000e+00
1.795986622073578474e+02	5.299258384715857528e-02	0.000000000000000000e+00	0.000000000000000000e+00	0.000000000000000000e+00	0.000000000000000000e+00	0.000000000000000000e+00	-3.127501182197064272e-03	0.000000000000000000e+00
1.806020066889632005e+02	5.299202069440375751e-02	0.000000000000000000e+00	0.000000000000000000e+00	0.000000000000000000e+00	0.000000000000000000e+00	0.000000000000000000e+00	-3.127312528225597958e-03	0.000000000000000000e+00
1.816053511705685537e+02	5.299150905267788897e-02	0.000000000000000000e+00	0.000000000000000000e+00	0.000000000000000000e+00	0.000000000000000000e+00	0.000000000000000000e+00	-3.127141130153909300e-03	0.000000000000000000e+00
1.826086956521739069e+02	5.299104440959079981e-02	0.000000000000000000e+00	0.000000000000000000e+00	0.000000000000000000e+00	0.000000000000000000e+00	0.000000000000000000e+00	-3.126985476371441086e-03	0.000000000000000000e+00
1.836120401337792600e+02	5.299062248640146189e-02	0.000000000000000000e+00	0.000000000000000000e+00	0.000000000000000000e+00	0.000000000000000000e+00	0.000000000000000000e+00	-3.126844133536864877e-03	0.000000000000000000e+00
1.846153846153846132e+02	5.299023923801840508e-02	0.000000000000000000e+00	0.000000000000000000e+00	0.000000000000000000e+00	0.000000000000000000e+00	0.000000000000000000e+00	-3.126715746578319528e-03	0.000000000000000000e+00
1.856187290969899664e+02	5.298989085299944668e-02	0.000000000000000000e+00	0.000000000000000000e+00	0.000000000000000000e+00	0.000000000000000000e+00	0.000000000000000000e+00	-3.126599038693414229e-03	0.000000000000000000e+00
1.866220735785953195e+02	5.298957375355179550e-02	0.000000000000000000e+00	0.000000000000000000e+00	0.000000000000000000e+00	0.000000000000000000e+00	0.000000000000000000e+00	-3.126492811348986073e-03	0.000000000000000000e+00
1.876254180602006727e+02	5.298928482820002700e-02	0.000000000000000000e+00	0.000000000000000000e+00	0.000000000000000000e+00	0.000000000000000000e+00	0.000000000000000000e+00	-3.126396022219970691e-03	0.000000000000000000e+00
1.886287625418060259e+02	5.298902187129982122e-02	0.000000000000000000e+00	0.000000000000000000e+00	0.000000000000000000e+00	0.000000000000000000e+00	0.000000000000000000e+00	-3.126307932422586235e-03	0.000000000000000000e+00
1.896321070234113790e+02	5.298878281419951847e-02	0.000000000000000000e+00	0.000000000000000000e+00	0.000000000000000000e+00	0.000000000000000000e+00	0.000000000000000000e+00	-3.126227848969159815e-03	0.000000000000000000e+00
1.906354515050167322e+02	5.298856567199083240e-02	0.000000000000000000e+00	0.000000000000000000e+00	0.000000000000000000e+00	0.000000000000000000e+00	0.000000000000000000e+00	-3.126155106925086226e-03	0.000000000000000000e+00
1.916387959866220854e+02	5.298836854589895895e-02	0.000000000000000000e+00	0.000000000000000000e+00	0.000000000000000000e+00	0.000000000000000000e+00	0.000000000000000000e+00	-3.126089070210160900e-03	0.000000000000000000e+00
1.926421404682274101e+02	5.298818962328320781e-02	0.000000000000000000e+00	0.000000000000000000e+00	0.000000000000000000e+00	0.000000000000000000e+00	0.000000000000000000e+00	-3.126029131598820170e-03	0.000000000000000000e+00
1.936454849498327633e+02	5.298802717763646808e-02	0.000000000000000000e+00	0.000000000000000000e+00	0.000000000000000000e+00	0.000000000000000000e+00	0.000000000000000000e+00	-3.125974712719179795e-03	0.000000000000000000e+00
1.946488294314381164e+02	5.298787956858563158e-02	0.000000000000000000e+00	0.000000000000000000e+00	0.000000000000000000e+00	0.000000000000000000e+00	0.000000000000000000e+00	-3.125925264053996868e-03	0.000000000000000000e+00
1.956521739130434696e+02	5.298774524189129448e-02	0.000000000000000000e+00	0.000000000000000000e+00	0.000000000000000000e+00	0.000000000000000000e+00	0.000000000000000000e+00	-3.125880264940429122e-03	0.000000000000000000e+00
1.966555183946488228e+02	5.298762276282659167e-02	0.000000000000000000e+00	0.000000000000000000e+00	0.000000000000000000e+00	0.000000000000000000e+00	0.000000000000000000e+00	-3.125839234751026825e-03	0.000000000000000000e+00
1.976588628762541759e+02	5.298751117213650053e-02	0.000000000000000000e+00	0.000000000000000000e+00	0.000000000000000000e+00	0.000000000000000000e+00	0.000000000000000000e+00	-3.125801852137415852e-03	0.000000000000000000e+00
1.986622073578595291e+02	5.298740965985320600e-02	0.000000000000000000e+00	0.000000000000000000e+00	0.000000000000000000e+00	0.000000000000000000e+00	0.000000000000000000e+00	-3.125767845762476328e-03	0.000000000000000000e+00
1.996655518394648823e+02	5.298731742042216142e-02	0.000000000000000000e+00	0.000000000000000000e+00	0.000000000000000000e+00	0.000000000000000000e+00	0.000000000000000000e+00	-3.125736945767990452e-03	0.000000000000000000e+00
2.006688963210702354e+02	5.298723367896461534e-02	0.000000000000000000e+00	0.000000000000000000e+00	0.000000000000000000e+00	0.000000000000000000e+00	0.000000000000000000e+00	-3.125708892572223209e-03	0.000000000000000000e+00
2.016722408026755886e+02	5.298715769127852748e-02	0.000000000000000000e+00	0.000000000000000000e+00	0.000000000000000000e+00	0.000000000000000000e+00	0.000000000000000000e+00	-3.125683436869558952e-03	0.000000000000000000e+00
2.026755852842809418e+02	5.298708874383751405e-02	0.000000000000000000e+00	0.000000000000000000e+00	0.000000000000000000e+00	0.000000000000000000e+00	0.000000000000000000e+00	-3.125660339631223909e-03	0.000000000000000000e+00
2.036789297658862949e+02	5.298702615379188852e-02	0.000000000000000000e+00	0.000000000000000000e+00	0.000000000000000000e+00	0.000000000000000000e+00	0.000000000000000000e+00	-3.125639372104564110e-03	0.000000000000000000e+00
2.046822742474916481e+02	5.298696926896764858e-02	0.000000000000000000e+00	0.000000000000000000e+00	0.000000000000000000e+00	0.000000000000000000e+00	0.000000000000000000e+00	-3.125620315813287808e-03	0.000000000000000000e+00
2.056856187290970013e+02	5.298691746786760720e-02	0.000000000000000000e+00	0.000000000000000000e+00	0.000000000000000000e+00	0.000000000000000000e+00	0.000000000000000000e+00	-3.125602962557943402e-03	0.000000000000000000e+00
2.066889632107023544e+02	5.298687019224294220e-02	0.000000000000000000e+00	0.000000000000000000e+00	0.000000000000000000e+00	0.000000000000000000e+00	0.000000000000000000e+00	-3.125587125326632736e-03	0.000000000000000000e+00
2.076923076923076792e+02	5.298682712373812415e-02	0.000000000000000000e+00	0.000000000000000000e+00	0.000000000000000000e+00	0.000000000000000000e+00	0.000000000000000000e+00	-3.125572697470917032e-03	0.000000000000000000e+00
2.086956521739130324e+02	5.298678795048101381e-02	0.000000000000000000e+00	0.000000000000000000e+00	0.000000000000000000e+00	0.000000000000000000e+00	0.000000000000000000e+00	-3.125559574514121149e-03	0.000000000000000000e+00
2.096989966555183855e+02	5.298675235974376063e-02	0.000000000000000000e+00	0.000000000000000000e+00	0.000000000000000000e+00	0.000000000000000000e+00	0.000000000000000000e+00	-3.125547651693276387e-03	0.000000000000000000e+00
2.107023411371237387e+02	5.298672005071421165e-02	0.000000000000000000e+00	0.000000000000000000e+00	0.000000000000000000e+00	0.000000000000000000e+00	0.000000000000000000e+00	-3.125536828237155014e-03	0.000000000000000000e+00
2.117056856187290919e+02	5.298669073449615435e-02	0.000000000000000000e+00	0.000000000000000000e+00	0.000000000000000000e+00	0.000000000000000000e+00	0.000000000000000000e+00	-3.125527007366148829e-03	0.000000000000000000e+00
2.127090301003344450e+02	5.298666413410854648e-02	0.000000000000000000e+00	0.000000000000000000e+00	0.000000000000000000e+00	0.000000000000000000e+00	0.000000000000000000e+00	-3.125518096292271338e-03	0.000000000000000000e+00
2.137123745819397982e+02	5.298663998448628620e-02	0.000000000000000000e+00	0.000000000000000000e+00	0.000000000000000000e+00	0.000000000000000000e+00	0.000000000000000000e+00	-3.125510006219515968e-03	0.000000000000000000e+00
2.147157190635451514e+02	5.298661803247984442e-02	0.000000000000000000e+00	0.000000000000000000e+00	0.000000000000000000e+00	0.000000000000000000e+00	0.000000000000000000e+00	-3.125502652343137028e-03	0.000000000000000000e+00
2.157190635451505045e+02	5.298659803685523001e-02	0.000000000000000000e+00	0.000000000000000000e+00	0.000000000000000000e+00	0.000000000000000000e+00	0.000000000000000000e+00	-3.125495953850609444e-03	0.000000000000000000e+00
2.167224080267558577e+02	5.298657978696906523e-02	0.000000000000000000e+00	0.000000000000000000e+00	0.000000000000000000e+00	0.000000000000000000e+00	0.000000000000000000e+00	-3.125489840176755383e-03	0.000000000000000000e+00
2.177257525083612109e+02	5.298656316522460524e-02	0.000000000000000000e+00	0.000000000000000000e+00	0.000000000000000000e+00	0.000000000000000000e+00	0.000000000000000000e+00	-3.125484271926912833e-03	0.000000000000000000e+00
2.187290969899665640e+02	5.298654804870803897e-02	0.000000000000000000e+00	0.000000000000000000e+00	0.000000000000000000e+00	0.000000000000000000e+00	0.000000000000000000e+00	-3.125479207925208319e-03	0.000000000000000000e+00
2.197324414715719172e+02	5.298653431602319552e-02	0.000000000000000000e+00	0.000000000000000000e+00	0.000000000000000000e+00	0.000000000000000000e+00	0.000000000000000000e+00	-3.125474607504188929e-03	0.000000000000000000e+00
2.207357859531772704e+02	5.298652185041809182e-02	0.000000000000000000e+00	0.000000000000000000e+00	0.000000000000000000e+00	0.000000000000000000e+00	0.000000000000000000e+00	-3.125470431552234904e-03	0.000000000000000000e+00
2.217391304347825951e+02	5.298651053978387787e-02	0.000000000000000000e+00	0.000000000000000000e+00	0.000000000000000000e+00	0.000000000000000000e+00	0.000000000000000000e+00	-3.125466642512960292e-03	0.000000000000000000e+00
2.227424749163879483e+02	5.298650027665561396e-02	0.000000000000000000e+00	0.000000000000000000e+00	0.000000000000000000e+00	0.000000000000000000e+00	0.000000000000000000e+00	-3.125463204386174851e-03	0.000000000000000000e+00
2.237458193979933014e+02	5.298649095821203470e-02	0.000000000000000000e+00	0.000000000000000000e+00	0.000000000000000000e+00	0.000000000000000000e+00	0.000000000000000000e+00	-3.125460082726681885e-03	0.000000000000000000e+00
2.247491638795986546e+02	5.298648248627539636e-02	0.000000000000000000e+00	0.000000000000000000e+00	0.000000000000000000e+00	0.000000000000000000e+00	0.000000000000000000e+00	-3.125457244645238417e-03	0.000000000000000000e+00
2.257525083612040078e+02	5.298647476731173367e-02	0.000000000000000000e+00	0.000000000000000000e+00	0.000000000000000000e+00	0.000000000000000000e+00	0.000000000000000000e+00	-3.125454658808196964e-03	0.000000000000000000e+00
2.267558528428093609e+02	5.298646772249418491e-02	0.000000000000000000e+00	0.000000000000000000e+00	0.000000000000000000e+00	0.000000000000000000e+00	0.000000000000000000e+00	-3.125452298808619692e-03	0.000000000000000000e+00
2.277591973244147141e+02	5.298646130763259160e-02	0.000000000000000000e+00	0.000000000000000000e+00	0.000000000000000000e+00	0.000000000000000000e+00	0.000000000000000000e+00	-3.125450149843139302e-03	0.000000000000000000e+00
2.287625418060200673e+02	5.298645547440840320e-02	0.000000000000000000e+00	0.000000000000000000e+00	0.000000000000000000e+00	0.000000000000000000e+00	0.000000000000000000e+00	-3.125448195724956496e-03	0.000000000000000000e+00
2.297658862876254204e+02	5.298645017569821730e-02	0.000000000000000000e+00	0.000000000000000000e+00	0.000000000000000000e+00	0.000000000000000000e+00	0.000000000000000000e+00	-3.125446420667816593e-03	0.000000000000000000e+00
2.307692307692307736e+02	5.298644536618866974e-02	0.000000000000000000e+00	0.000000000000000000e+00	0.000000000000000000e+00	0.000000000000000000e+00	0.000000000000000000e+00	-3.125444809491884340e-03	0.000000000000000000e+00
2.317725752508361268e+02	5.298644100237553251e-02	0.000000000000000000e+00	0.000000000000000000e+00	0.000000000000000000e+00	0.000000000000000000e+00	0.000000000000000000e+00	-3.125443347623381787e-03	0.000000000000000000e+00
2.327759197324414799e+02	5.298643704256499748e-02	0.000000000000000000e+00	0.000000000000000000e+00	0.000000000000000000e+00	0.000000000000000000e+00	0.000000000000000000e+00	-3.125442021094948248e-03	0.000000000000000000e+00
2.337792642140468331e+02	5.298643344687228862e-02	0.000000000000000000e+00	0.000000000000000000e+00	0.000000000000000000e+00	0.000000000000000000e+00	0.000000000000000000e+00	-3.125440816545159341e-03	0.000000000000000000e+00
2.347826086956521863e+02	5.298643017722276527e-02	0.000000000000000000e+00	0.000000000000000000e+00	0.000000000000000000e+00	0.000000000000000000e+00	0.000000000000000000e+00	-3.125439721219250375e-03	0.000000000000000000e+00
2.357859531772575110e+02	5.298642719735131845e-02	0.000000000000000000e+00	0.000000000000000000e+00	0.000000000000000000e+00	0.000000000000000000e+00	0.000000000000000000e+00	-3.125438722968392966e-03	0.000000000000000000e+00
2.367892976588628642e+02	5.298642447891775686e-02	0.000000000000000000e+00	0.000000000000000000e+00	0.000000000000000000e+00	0.000000000000000000e+00	0.000000000000000000e+00	-3.125437812298537902e-03	0.000000000000000000e+00
2.377926421404682173e+02	5.298642200566978239e-02	0.000000000000000000e+00	0.000000000000000000e+00	0.000000000000000000e+00	0.000000000000000000e+00	0.000000000000000000e+00	-3.125436983765527039e-03	0.000000000000000000e+00
2.387959866220735705e+02	5.298641975750632144e-02	0.000000000000000000e+00	0.000000000000000000e+00	0.000000000000000000e+00	0.000000000000000000e+00	0.000000000000000000e+00	-3.125436230635313898e-03	0.000000000000000000e+00
2.397993311036789237e+02	5.298641771520251620e-02	0.000000000000000000e+00	0.000000000000000000e+00	0.000000000000000000e+00	0.000000000000000000e+00	0.000000000000000000e+00	-3.125435546467731935e-03	0.000000000000000000e+00
2.408026755852842768e+02	5.298641586051083124e-02	0.000000000000000000e+00	0.000000000000000000e+00	0.000000000000000000e+00	0.000000000000000000e+00	0.000000000000000000e+00	-3.125434925149720572e-03	0.000000000000000000e+00
2.418060200668896300e+02	5.298641417616110905e-02	0.000000000000000000e+00	0.000000000000000000e+00	0.000000000000000000e+00	0.000000000000000000e+00	0.000000000000000000e+00	-3.125434360896048140e-03	0.000000000000000000e+00
2.428093645484949832e+02	5.298641264585986221e-02	0.000000000000000000e+00	0.000000000000000000e+00	0.000000000000000000e+00	0.000000000000000000e+00	0.000000000000000000e+00	-3.125433848248230714e-03	0.000000000000000000e+00
2.438127090301003363e+02	5.298641125429112697e-02	0.000000000000000000e+00	0.000000000000000000e+00	0.000000000000000000e+00	0.000000000000000000e+00	0.000000000000000000e+00	-3.125433382075490981e-03	0.000000000000000000e+00
2.448160535117056895e+02	5.298640998716049044e-02	0.000000000000000000e+00	0.000000000000000000e+00	0.000000000000000000e+00	0.000000000000000000e+00	0.000000000000000000e+00	-3.125432957589329916e-03	0.000000000000000000e+00
2.458193979933110427e+02	5.298640883326626028e-02	0.000000000000000000e+00	0.000000000000000000e+00	0.000000000000000000e+00	0.000000000000000000e+00	0.000000000000000000e+00	-3.125432571037106092e-03	0.000000000000000000e+00
2.468227424749163958e+02	5.298640778375560828e-02	0.000000000000000000e+00	0.000000000000000000e+00	0.000000000000000000e+00	0.000000000000000000e+00	0.000000000000000000e+00	-3.125432219453186562e-03	0.000000000000000000e+00
2.478260869565217490e+02	5.298640682998363022e-02	0.000000000000000000e+00	0.000000000000000000e+00	0.000000000000000000e+00	0.000000000000000000e+00	0.000000000000000000e+00	-3.125431899941523775e-03	0.000000000000000000e+00
2.488294314381271022e+02	5.298640596371709949e-02	0.000000000000000000e+00	0.000000000000000000e+00	0.000000000000000000e+00	0.000000000000000000e+00	0.000000000000000000e+00	-3.125431609743921715e-03	0.000000000000000000e+00
2.498327759197324269e+02	5.298640517713328058e-02	0.000000000000000000e+00	0.000000000000000000e+00	0.000000000000000000e+00	0.000000000000000000e+00	0.000000000000000000e+00	-3.125431346240032434e-03	0.000000000000000000e+00
2.508361204013377801e+02	5.298640446282083805e-02	0.000000000000000000e+00	0.000000000000000000e+00	0.000000000000000000e+00	0.000000000000000000e+00	0.000000000000000000e+00	-3.125431106946755834e-03	0.000000000000000000e+00
2.518394648829431333e+02	5.298640381377934389e-02	0.000000000000000000e+00	0.000000000000000000e+00	0.000000000000000000e+00	0.000000000000000000e+00	0.000000000000000000e+00	-3.125430889519204176e-03	0.000000000000000000e+00
2.528428093645484864e+02	5.298640322341936076e-02	0.000000000000000000e+00	0.000000000000000000e+00	0.000000000000000000e+00	0.000000000000000000e+00	0.000000000000000000e+00	-3.125430691749735406e-03	0.000000000000000000e+00
2.538461538461538396e+02	5.298640268561224248e-02	0.000000000000000000e+00	0.000000000000000000e+00	0.000000000000000000e+00	0.000000000000000000e+00	0.000000000000000000e+00	-3.125430511585533273e-03	0.000000000000000000e+00
2.548494983277591928e+02	5.298640219568397092e-02	0.000000000000000000e+00	0.000000000000000000e+00	0.000000000000000000e+00	0.000000000000000000e+00	0.000000000000000000e+00	-3.125430347460530188e-03	0.000000000000000000e+00
2.558528428093645459e+02	5.298640174997734653e-02	0.000000000000000000e+00	0.000000000000000000e+00	0.000000000000000000e+00	0.000000000000000000e+00	0.000000000000000000e+00	-3.125430198149729919e-03	0.000000000000000000e+00
2.568561872909698991e+02	5.298640134495816861e-02	0.000000000000000000e+00	0.000000000000000000e+00	0.000000000000000000e+00	0.000000000000000000e+00	0.000000000000000000e+00	-3.125430062469070069e-03	0.000000000000000000e+00
2.578595317725752238e+02	5.298640097722844694e-02	0.000000000000000000e+00	0.000000000000000000e+00	0.000000000000000000e+00	0.000000000000000000e+00	0.000000000000000000e+00	-3.125429939280357800e-03	0.000000000000000000e+00
2.588628762541806054e+02	5.298640064352670709e-02	0.000000000000000000e+00	0.000000000000000000e+00	0.000000000000000000e+00	0.000000000000000000e+00	0.000000000000000000e+00	-3.125429827491030006e-03	0.000000000000000000e+00
2.598662207357859302e+02	5.298640034072796268e-02	0.000000000000000000e+00	0.000000000000000000e+00	0.000000000000000000e+00	0.000000000000000000e+00	0.000000000000000000e+00	-3.125429726054030147e-03	0.000000000000000000e+00
2.608695652173913118e+02	5.298640006584359741e-02	0.000000000000000000e+00	0.000000000000000000e+00	0.000000000000000000e+00	0.000000000000000000e+00	0.000000000000000000e+00	-3.125429633968293541e-03	0.000000000000000000e+00
2.618729096989966365e+02	5.298639981602124016e-02	0.000000000000000000e+00	0.000000000000000000e+00	0.000000000000000000e+00	0.000000000000000000e+00	0.000000000000000000e+00	-3.125429550278383505e-03	0.000000000000000000e+00
2.628762541806020181e+02	5.298639958854550747e-02	0.000000000000000000e+00	0.000000000000000000e+00	0.000000000000000000e+00	0.000000000000000000e+00	0.000000000000000000e+00	-3.125429474074371654e-03	0.000000000000000000e+00
2.638795986622073428e+02	5.298639938094851926e-02	0.000000000000000000e+00	0.000000000000000000e+00	0.000000000000000000e+00	0.000000000000000000e+00	0.000000000000000000e+00	-3.125429404529882996e-03	0.000000000000000000e+00
2.648829431438127244e+02	5.298639919173443735e-02	0.000000000000000000e+00	0.000000000000000000e+00	0.000000000000000000e+00	0.000000000000000000e+00	0.000000000000000000e+00	-3.125429341143481400e-03	0.000000000000000000e+00
2.658862876254180492e+02	5.298639901957809262e-02	0.000000000000000000e+00	0.000000000000000000e+00	0.000000000000000000e+00	0.000000000000000000e+00	0.000000000000000000e+00	-3.125429283471520010e-03	0.000000000000000000e+00
2.668896321070234308e+02	5.298639886315664044e-02	0.000000000000000000e+00	0.000000000000000000e+00	0.000000000000000000e+00	0.000000000000000000e+00	0.000000000000000000e+00	-3.125429231070592229e-03	0.000000000000000000e+00
2.678929765886287555e+02	5.298639872118828670e-02	0.000000000000000000e+00	0.000000000000000000e+00	0.000000000000000000e+00	0.000000000000000000e+00	0.000000000000000000e+00	-3.125429183511497979e-03	0.000000000000000000e+00
2.688963210702341371e+02	5.298639859243182287e-02	0.000000000000000000e+00	0.000000000000000000e+00	0.000000000000000000e+00	0.000000000000000000e+00	0.000000000000000000e+00	-3.125429140378401058e-03	0.000000000000000000e+00
2.698996655518394618e+02	5.298639847568761135e-02	0.000000000000000000e+00	0.000000000000000000e+00	0.000000000000000000e+00	0.000000000000000000e+00	0.000000000000000000e+00	-3.125429101269310526e-03	0.000000000000000000e+00
2.709030100334448434e+02	5.298639836979646134e-02	0.000000000000000000e+00	0.000000000000000000e+00	0.000000000000000000e+00	0.000000000000000000e+00	0.000000000000000000e+00	-3.125429065795959273e-03	0.000000000000000000e+00
2.719063545150501682e+02	5.298639827364037824e-02	0.000000000000000000e+00	0.000000000000000000e+00	0.000000000000000000e+00	0.000000000000000000e+00	0.000000000000000000e+00	-3.125429033583805322e-03	0.000000000000000000e+00
2.729096989966554929e+02	5.298639818614246655e-02	0.000000000000000000e+00	0.000000000000000000e+00	0.000000000000000000e+00	0.000000000000000000e+00	0.000000000000000000e+00	-3.125429004272273388e-03	0.000000000000000000e+00
2.739130434782608745e+02	5.298639810626649266e-02	0.000000000000000000e+00	0.000000000000000000e+00	0.000000000000000000e+00	0.000000000000000000e+00	0.000000000000000000e+00	-3.125428977514030197e-03	0.000000000000000000e+00
2.749163879598661993e+02	5.298639803334031367e-02	0.000000000000000000e+00	0.000000000000000000e+00	0.000000000000000000e+00	0.000000000000000000e+00	0.000000000000000000e+00	-3.125428953083820606e-03	0.000000000000000000e+00
2.759197324414715808e+02	5.298639796699118609e-02	0.000000000000000000e+00	0.000000000000000000e+00	0.000000000000000000e+00	0.000000000000000000e+00	0.000000000000000000e+00	-3.125428930857038559e-03	0.000000000000000000e+00
2.769230769230769056e+02	5.298639790668357996e-02	0.000000000000000000e+00	0.000000000000000000e+00	0.000000000000000000e+00	0.000000000000000000e+00	0.000000000000000000e+00	-3.125428910654058211e-03	0.000000000000000000e+00
2.779264214046822872e+02	5.298639785190584206e-02	0.000000000000000000e+00	0.000000000000000000e+00	0.000000000000000000e+00	0.000000000000000000e+00	0.000000000000000000e+00	-3.125428892303680570e-03	0.000000000000000000e+00
2.789297658862876119e+02	5.298639780217065387e-02	0.000000000000000000e+00	0.000000000000000000e+00	0.000000000000000000e+00	0.000000000000000000e+00	0.000000000000000000e+00	-3.125428875642533282e-03	0.000000000000000000e+00
2.799331103678929935e+02	5.298639775701496218e-02	0.000000000000000000e+00	0.000000000000000000e+00	0.000000000000000000e+00	0.000000000000000000e+00	0.000000000000000000e+00	-3.125428860515429719e-03	0.000000000000000000e+00
2.809364548494983183e+02	5.298639771599980564e-02	0.000000000000000000e+00	0.000000000000000000e+00	0.000000000000000000e+00	0.000000000000000000e+00	0.000000000000000000e+00	-3.125428846775491279e-03	0.000000000000000000e+00
2.819397993311036998e+02	5.298639767871059919e-02	0.000000000000000000e+00	0.000000000000000000e+00	0.000000000000000000e+00	0.000000000000000000e+00	0.000000000000000000e+00	-3.125428834283663828e-03	0.000000000000000000e+00
2.829431438127090246e+02	5.298639764475660680e-02	0.000000000000000000e+00	0.000000000000000000e+00	0.000000000000000000e+00	0.000000000000000000e+00	0.000000000000000000e+00	-3.125428822909080695e-03	0.000000000000000000e+00
2.839464882943144062e+02	5.298639761381304658e-02	0.000000000000000000e+00	0.000000000000000000e+00	0.000000000000000000e+00	0.000000000000000000e+00	0.000000000000000000e+00	-3.125428812543147757e-03	0.000000000000000000e+00
2.849498327759197309e+02	5.298639758565527186e-02	0.000000000000000000e+00	0.000000000000000000e+00	0.000000000000000000e+00	0.000000000000000000e+00	0.000000000000000000e+00	-3.125428803110258391e-03	0.000000000000000000e+00
2.859531772575250557e+02	5.298639756005902451e-02	0.000000000000000000e+00	0.000000000000000000e+00	0.000000000000000000e+00	0.000000000000000000e+00	0.000000000000000000e+00	-3.125428794535648619e-03	0.000000000000000000e+00
2.869565217391304373e+02	5.298639753680998987e-02	0.000000000000000000e+00	0.000000000000000000e+00	0.000000000000000000e+00	0.000000000000000000e+00	0.000000000000000000e+00	-3.125428786747203383e-03	0.000000000000000000e+00
2.879598662207357620e+02	5.298639751570317219e-02	0.000000000000000000e+00	0.000000000000000000e+00	0.000000000000000000e+00	0.000000000000000000e+00	0.000000000000000000e+00	-3.125428779676539450e-03	0.000000000000000000e+00
2.889632107023411436e+02	5.298639749654351916e-02	0.000000000000000000e+00	0.000000000000000000e+00	0.000000000000000000e+00	0.000000000000000000e+00	0.000000000000000000e+00	-3.125428773258043073e-03	0.000000000000000000e+00
2.899665551839464683e+02	5.298639747914529741e-02	0.000000000000000000e+00	0.000000000000000000e+00	0.000000000000000000e+00	0.000000000000000000e+00	0.000000000000000000e+00	-3.125428767429711333e-03	0.000000000000000000e+00
2.909698996655518499e+02	5.298639746333246719e-02	0.000000000000000000e+00	0.000000000000000000e+00	0.000000000000000000e+00	0.000000000000000000e+00	0.000000000000000000e+00	-3.125428762132431790e-03	0.000000000000000000e+00
2.919732441471571747e+02	5.298639744893868936e-02	0.000000000000000000e+00	0.000000000000000000e+00	0.000000000000000000e+00	0.000000000000000000e+00	0.000000000000000000e+00	-3.125428757310583575e-03	0.000000000000000000e+00
2.929765886287625563e+02	5.298639743581851774e-02	0.000000000000000000e+00	0.000000000000000000e+00	0.000000000000000000e+00	0.000000000000000000e+00	0.000000000000000000e+00	-3.125428752915286514e-03	0.000000000000000000e+00
2.939799331103678810e+02	5.298639742388191326e-02	0.000000000000000000e+00	0.000000000000000000e+00	0.000000000000000000e+00	0.000000000000000000e+00	0.000000000000000000e+00	-3.125428748916562853e-03	0.000000000000000000e+00
2.949832775919732626e+02	5.298639741303127343e-02	0.000000000000000000e+00	0.000000000000000000e+00	0.000000000000000000e+00	0.000000000000000000e+00	0.000000000000000000e+00	-3.125428745281545653e-03	0.000000000000000000e+00
2.959866220735785873e+02	5.298639740317169500e-02	0.000000000000000000e+00	0.000000000000000000e+00	0.000000000000000000e+00	0.000000000000000000e+00	0.000000000000000000e+00	-3.125428741978692002e-03	0.000000000000000000e+00
2.969899665551839689e+02	5.298639739421413808e-02	0.000000000000000000e+00	0.000000000000000000e+00	0.000000000000000000e+00	0.000000000000000000e+00	0.000000000000000000e+00	-3.125428738977903582e-03	0.000000000000000000e+00
2.979933110367892937e+02	5.298639738607516941e-02	0.000000000000000000e+00	0.000000000000000000e+00	0.000000000000000000e+00	0.000000000000000000e+00	0.000000000000000000e+00	-3.125428736251370174e-03	0.000000000000000000e+00
2.989966555183946753e+02	5.298639737867659461e-02	0.000000000000000000e+00	0.000000000000000000e+00	0.000000000000000000e+00	0.000000000000000000e+00	0.000000000000000000e+00	-3.125428733772845410e-03	0.000000000000000000e+00
3.000000000000000000e+02	5.298639737194633936e-02	0.000000000000000000e+00	0.000000000000000000e+00	0.000000000000000000e+00	0.000000000000000000e+00	0.000000000000000000e+00	-3.125428731518250895e-03	0.000000000000000000e+00
