0.000000000000000000e+00	6.788601000000000000e+07	0.000000000000000000e+00	0.000000000000000000e+00	0.000000000000000000e+00	1.000000000000000000e+00	0.000000000000000000e+00	0.000000000000000000e+00	0.000000000000000000e+00	0.000000000000000000e+00	0.000000000000000000e+00	1.093518004335541693e+00
1.020833333333333259e+00	6.788600985398799181e+07	0.000000000000000000e+00	1.317788666422989863e-01	0.000000000000000000e+00	8.778109800056881351e-01	0.000000000000000000e+00	1.364221679816129129e-01	0.000000000000000000e+00	7.512498046848001820e-01	1.267374921029078838e-01	1.093518004116234454e+00
2.041666666666666519e+00	6.788600972394150496e+07	0.000000000000000000e+00	2.248704468352309693e-01	0.000000000000000000e+00	7.932606553085040924e-01	0.000000000000000000e+00	2.579274089785065227e-01	0.000000000000000000e+00	1.318619703465504944e+00	2.224540421293011161e-01	1.093518003541828598e+00
3.062500000000000000e+00	6.788600960491536558e+07	0.000000000000000000e+00	2.908654669390365877e-01	0.000000000000000000e+00	7.350830905946397209e-01	0.000000000000000000e+00	3.691360981625614324e-01	0.000000000000000000e+00	1.752443290029287004e+00	2.956410371032413553e-01	1.093518002697801084e+00
4.083333333333333037e+00	6.788600949344450235e+07	0.000000000000000000e+00	3.378832754393960025e-01	0.000000000000000000e+00	6.953865174530194926e-01	0.000000000000000000e+00	4.732857181970052673e-01	0.000000000000000000e+00	2.088627087549614014e+00	3.523559859188252208e-01	1.093518001787979310e+00
5.104166666666666075e+00	6.788600938710060716e+07	0.000000000000000000e+00	3.716117083993231152e-01	0.000000000000000000e+00	6.686425892425744699e-01	0.000000000000000000e+00	5.726451156089926720e-01	0.000000000000000000e+00	2.352884315469471410e+00	3.969367649361527639e-01	1.093518000852180316e+00
6.125000000000000000e+00	6.788600928418156505e+07	0.000000000000000000e+00	3.960352661438222843e-01	0.000000000000000000e+00	6.509785962164722495e-01	0.000000000000000000e+00	6.688045881898030398e-01	0.000000000000000000e+00	2.563711571930977318e+00	4.325037907580063790e-01	1.093517999811078445e+00
7.145833333333333037e+00	6.788600918349406123e+07	0.000000000000000000e+00	4.139452194176181377e-01	0.000000000000000000e+00	6.396816443425944465e-01	0.000000000000000000e+00	7.628790985766922272e-01	0.000000000000000000e+00	2.734484384912187593e+00	4.613135442612072978e-01	1.093517998686097004e+00
8.166666666666666075e+00	6.788600908420111239e+07	0.000000000000000000e+00	4.272969516377736476e-01	0.000000000000000000e+00	6.328513200407058781e-01	0.000000000000000000e+00	8.556506305334429241e-01	0.000000000000000000e+00	2.874934109243536096e+00	4.850077263404866668e-01	1.093517997493247407e+00
9.187500000000000000e+00	6.788600898571544886e+07	0.000000000000000000e+00	4.374602862093142086e-01	0.000000000000000000e+00	6.291563730189945192e-01	0.000000000000000000e+00	9.476679131690103342e-01	0.000000000000000000e+00	2.992190231480299722e+00	5.047890970150066270e-01	1.093517996244611989e+00
1.020833333333333215e+01	6.788600888762462139e+07	0.000000000000000000e+00	4.453948471327531800e-01	0.000000000000000000e+00	6.276642664572468222e-01	0.000000000000000000e+00	1.039316280303479667e+00	0.000000000000000000e+00	3.091517186546398843e+00	5.215457780063674775e-01	1.093517994949400718e+00
1.122916666666666607e+01	6.788600878963872790e+07	0.000000000000000000e+00	4.517729032291110669e-01	0.000000000000000000e+00	6.277217729082076314e-01	0.000000000000000000e+00	1.130866608627044467e+00	0.000000000000000000e+00	3.176836267237183709e+00	5.359393000136248864e-01	1.093517993614707917e+00
1.225000000000000000e+01	6.788600869155366719e+07	0.000000000000000000e+00	4.570654242132205503e-01	0.000000000000000000e+00	6.288713281384330500e-01	0.000000000000000000e+00	1.222509600384045436e+00	0.000000000000000000e+00	3.251096209142995352e+00	5.484671212015044262e-01	1.093517992246056725e+00
1.327083333333333215e+01	6.788600859322540462e+07	0.000000000000000000e+00	4.616023648392691414e-01	0.000000000000000000e+00	6.307924351821070363e-01	0.000000000000000000e+00	1.314379799168959195e+00	0.000000000000000000e+00	3.316537090137289479e+00	5.595071476224909857e-01	1.093517990847791665e+00
1.429166666666666607e+01	6.788600849455207586e+07	0.000000000000000000e+00	4.656148954535822004e-01	0.000000000000000000e+00	6.332606164164202855e-01	0.000000000000000000e+00	1.406572413625133189e+00	0.000000000000000000e+00	3.374878912038115963e+00	5.693495473567644627e-01	1.093517989423365533e+00
1.531249999999999822e+01	6.788600839546126127e+07	0.000000000000000000e+00	4.692649855826549476e-01	0.000000000000000000e+00	6.361186584372560127e-01	0.000000000000000000e+00	1.499155102911049919e+00	0.000000000000000000e+00	3.427456916327122460e+00	5.782195785709771663e-01	1.093517987975548333e+00
1.633333333333333215e+01	6.788600829590117931e+07	0.000000000000000000e+00	4.726661279946646199e-01	0.000000000000000000e+00	6.392564683600426845e-01	0.000000000000000000e+00	1.592176232754388687e+00	0.000000000000000000e+00	3.475319150063205242e+00	5.862940491021193523e-01	1.093517986506581829e+00
1.735416666666666430e+01	6.788600819583453238e+07	0.000000000000000000e+00	4.758978564341025397e-01	0.000000000000000000e+00	6.425969626461077722e-01	0.000000000000000000e+00	1.685670659061978105e+00	0.000000000000000000e+00	3.519297210581976643e+00	5.937132512437147680e-01	1.093517985018294558e+00
1.837500000000000000e+01	6.788600809523412585e+07	0.000000000000000000e+00	4.790159156649771433e-01	0.000000000000000000e+00	6.460861818681457036e-01	0.000000000000000000e+00	1.779663779519326194e+00	0.000000000000000000e+00	3.560057875848584796e+00	6.005896718997788541e-01	1.093517983512187985e+00
1.939583333333333215e+01	6.788600799407988787e+07	0.000000000000000000e+00	4.820593858448997682e-01	0.000000000000000000e+00	6.496863658542052500e-01	0.000000000000000000e+00	1.874174371872711964e+00	0.000000000000000000e+00	3.598141063492389158e+00	6.070143963573786383e-01	1.093517981989502674e+00
2.041666666666666430e+01	6.788600789235664904e+07	0.000000000000000000e+00	4.850556733302810453e-01	0.000000000000000000e+00	6.533711026523427723e-01	0.000000000000000000e+00	1.969216582251674064e+00	0.000000000000000000e+00	3.633987969678303287e+00	6.130618553760599498e-01	1.093517980451268468e+00
2.143750000000000000e+01	6.788600779005275667e+07	0.000000000000000000e+00	4.880240068622848648e-01	0.000000000000000000e+00	6.571219302593847011e-01	0.000000000000000000e+00	2.064801318073378855e+00	0.000000000000000000e+00	3.667962118639166214e+00	6.187933762902066981e-01	1.093517978898343124e+00
2.245833333333333215e+01	6.788600768715894222e+07	0.000000000000000000e+00	4.909778867341235142e-01	0.000000000000000000e+00	6.609259560477794837e-01	0.000000000000000000e+00	2.160937223841714605e+00	0.000000000000000000e+00	3.700365264394875453e+00	6.242598656639879451e-01	1.093517977331442736e+00
2.347916666666666430e+01	6.788600758366765082e+07	0.000000000000000000e+00	4.939268004953195068e-01	0.000000000000000000e+00	6.647741891156997429e-01	0.000000000000000000e+00	2.257631364753793335e+00	0.000000000000000000e+00	3.731449529389646802e+00	6.295038571061171151e-01	1.093517975751167048e+00
2.450000000000000000e+01	6.788600747957251966e+07	0.000000000000000000e+00	4.968774248466210630e-01	0.000000000000000000e+00	6.686603720578683241e-01	0.000000000000000000e+00	2.354889705618381512e+00	0.000000000000000000e+00	3.761426771385069312e+00	6.345610914852684026e-01	1.093517974158018102e+00
2.552083333333333215e+01	6.788600737486794591e+07	0.000000000000000000e+00	4.998344675985463836e-01	0.000000000000000000e+00	6.725801625931777661e-01	0.000000000000000000e+00	2.452717446385386246e+00	0.000000000000000000e+00	3.790475891473328307e+00	6.394617498079392393e-01	1.093517972552415563e+00
2.654166666666666430e+01	6.788600726954895258e+07	0.000000000000000000e+00	5.028012574854658912e-01	0.000000000000000000e+00	6.765305602757905046e-01	0.000000000000000000e+00	2.551119257228001480e+00	0.000000000000000000e+00	3.818748598498831193e+00	6.442314256890144808e-01	1.093517970934710704e+00
2.756249999999999645e+01	6.788600716361092031e+07	0.000000000000000000e+00	5.057801573461717659e-01	0.000000000000000000e+00	6.805095048933703650e-01	0.000000000000000000e+00	2.650099443259171572e+00	0.000000000000000000e+00	3.846374004609935948e+00	6.488919006314129989e-01	1.093517969305196180e+00
2.858333333333333215e+01	6.788600705704951286e+07	0.000000000000000000e+00	5.087728535682560782e-01	0.000000000000000000e+00	6.845155951364575442e-01	0.000000000000000000e+00	2.749662059955346294e+00	0.000000000000000000e+00	3.873462326325841865e+00	6.534617684041742480e-01	1.093517967664114243e+00
2.960416666666666430e+01	6.788600694986057281e+07	0.000000000000000000e+00	5.117805588521987525e-01	0.000000000000000000e+00	6.885478915207953188e-01	0.000000000000000000e+00	2.849810994049674306e+00	0.000000000000000000e+00	3.900107893602332787e+00	6.579569426784341868e-01	1.093517966011665399e+00
3.062499999999999645e+01	6.788600684204006195e+07	0.000000000000000000e+00	5.148041542537523663e-01	0.000000000000000000e+00	6.926057783309639282e-01	0.000000000000000000e+00	2.950550020235883864e+00	0.000000000000000000e+00	3.926391617617368990e+00	6.623910733482509805e-01	1.093517964348013738e+00
3.164583333333333215e+01	6.788600673358401656e+07	0.000000000000000000e+00	5.178442886892655750e-01	0.000000000000000000e+00	6.966888669099200460e-01	0.000000000000000000e+00	3.051882840927161666e+00	0.000000000000000000e+00	3.952383030531621877e+00	6.667758906426654031e-01	1.093517962673292487e+00
3.266666666666666430e+01	6.788600662448853254e+07	0.000000000000000000e+00	5.209014486427406831e-01	0.000000000000000000e+00	7.007969279123853479e-01	0.000000000000000000e+00	3.153813114144846885e+00	0.000000000000000000e+00	3.978141983191981534e+00	6.711214915319912988e-01	1.093517960987607562e+00
3.368750000000000000e+01	6.788600651474969089e+07	0.000000000000000000e+00	5.239760069984675805e-01	0.000000000000000000e+00	7.049298438481406137e-01	0.000000000000000000e+00	3.256344473091988156e+00	0.000000000000000000e+00	4.003720066730877214e+00	6.754365795547246920e-01	1.093517959291042230e+00
3.470833333333332860e+01	6.788600640436364710e+07	0.000000000000000000e+00	5.270682572506124597e-01	0.000000000000000000e+00	7.090875758389140193e-01	0.000000000000000000e+00	3.359480539902145679e+00	0.000000000000000000e+00	4.029161809215299428e+00	6.797286666948464395e-01	1.093517957583659772e+00
3.572916666666666430e+01	6.788600629332651198e+07	0.000000000000000000e+00	5.301784374690046153e-01	0.000000000000000000e+00	7.132701403322547762e-01	0.000000000000000000e+00	3.463224935308041097e+00	0.000000000000000000e+00	4.054505687460214780e+00	6.840042440769525944e-01	1.093517955865506819e+00
3.675000000000000000e+01	6.788600618163439631e+07	0.000000000000000000e+00	5.333067470888903649e-01	0.000000000000000000e+00	7.174775927905316930e-01	0.000000000000000000e+00	3.567581285452158024e+00	0.000000000000000000e+00	4.079784985806830022e+00	6.882689268440208563e-01	1.093517954136614234e+00
3.777083333333332860e+01	6.788600606928342581e+07	0.000000000000000000e+00	5.364533586737054716e-01	0.000000000000000000e+00	7.217100162661902463e-01	0.000000000000000000e+00	3.672553226695450590e+00	0.000000000000000000e+00	4.105028527339741551e+00	6.925275775153388880e-01	1.093517952397001336e+00
3.879166666666666430e+01	6.788600595626968145e+07	0.000000000000000000e+00	5.396184261563273799e-01	0.000000000000000000e+00	7.259675133999642371e-01	0.000000000000000000e+00	3.778144409023888262e+00	0.000000000000000000e+00	4.130261298151260085e+00	6.967844113012572338e-01	1.093517950646675452e+00
3.981250000000000000e+01	6.788600584258922935e+07	0.000000000000000000e+00	5.428020906134208845e-01	0.000000000000000000e+00	7.302502008169611258e-01	0.000000000000000000e+00	3.884358498472970656e+00	0.000000000000000000e+00	4.155504981477535331e+00	7.010430862131178387e-01	1.093517948885634583e+00
4.083333333333332860e+01	6.788600572823815048e+07	0.000000000000000000e+00	5.460044843116630409e-01	0.000000000000000000e+00	7.345582052025266817e-01	0.000000000000000000e+00	3.991199178864538677e+00	0.000000000000000000e+00	4.180778415556444472e+00	7.053067803048782558e-01	1.093517947113868516e+00
4.185416666666666430e+01	6.788600561321246624e+07	0.000000000000000000e+00	5.492257335433802234e-01	0.000000000000000000e+00	7.388916605548472294e-01	0.000000000000000000e+00	4.098670153062054844e+00	0.000000000000000000e+00	4.206097986693222879e+00	7.095782579841413140e-01	1.093517945331359043e+00
4.287500000000000000e+01	6.788600549750821292e+07	0.000000000000000000e+00	5.524659606141480994e-01	0.000000000000000000e+00	7.432507062618936011e-01	0.000000000000000000e+00	4.206775143888783042e+00	0.000000000000000000e+00	4.231477967121691997e+00	7.138599270100793870e-01	1.093517943538083070e+00
4.389583333333332860e+01	6.788600538112136722e+07	0.000000000000000000e+00	5.557252852363248063e-01	0.000000000000000000e+00	7.476354857558472622e-01	0.000000000000000000e+00	4.315517894810062316e+00	0.000000000000000000e+00	4.256930805709955301e+00	7.181538875361203056e-01	1.093517941734010623e+00
4.491666666666666430e+01	6.788600526404789090e+07	0.000000000000000000e+00	5.590038255064329054e-01	0.000000000000000000e+00	7.520461455720764965e-01	0.000000000000000000e+00	4.424902170450535799e+00	0.000000000000000000e+00	4.282467378300538030e+00	7.224619743428746244e-01	1.093517939919107951e+00
4.593750000000000000e+01	6.788600514628374577e+07	0.000000000000000000e+00	5.623016985910261889e-01	0.000000000000000000e+00	7.564828346915187796e-01	0.000000000000000000e+00	4.534931756996010144e+00	0.000000000000000000e+00	4.308097203436731526e+00	7.267857932316404979e-01	1.093517938093335973e+00
4.695833333333332860e+01	6.788600502782484889e+07	0.000000000000000000e+00	5.656190212083459512e-01	0.000000000000000000e+00	7.609457040816054452e-01	0.000000000000000000e+00	4.645610462514710548e+00	0.000000000000000000e+00	4.333828628364513769e+00	7.311267524033330245e-01	1.093517936256652945e+00
4.797916666666666430e+01	6.788600490866708755e+07	0.000000000000000000e+00	5.689559099669331266e-01	0.000000000000000000e+00	7.654349063762814209e-01	0.000000000000000000e+00	4.756942117222330957e+00	0.000000000000000000e+00	4.359668989478556966e+00	7.354860895260761922e-01	1.093517934409013348e+00
4.900000000000000000e+01	6.788600478880636394e+07	0.000000000000000000e+00	5.723124816040344731e-01	0.000000000000000000e+00	7.699505956534760109e-01	0.000000000000000000e+00	4.868930573707908493e+00	0.000000000000000000e+00	4.385624750770738878e+00	7.398648950917685596e-01	2.050756465467982625e+00
4.900000000000000000e+01	6.788600478880636394e+07	0.000000000000000000e+00	5.723124816040344731e-01	0.000000000000000000e+00	7.699505956534760109e-01	0.000000000000000000e+00	4.868930573707908493e+00	0.000000000000000000e+00	4.385624750770738878e+00	7.398648950917685596e-01	3.705369934864829240e+00
5.003125000000000000e+01	6.788600346366122365e+07	0.000000000000000000e+00	1.665946126961137974e+00	0.000000000000000000e+00	8.822759898035736903e-01	0.000000000000000000e+00	4.988116680290705318e+00	0.000000000000000000e+00	3.327294952026196295e+00	7.494975725588232107e-01	5.135392652461056251e+00
5.106250000000000000e+01	6.788600178911352158e+07	0.000000000000000000e+00	2.876572104372546512e+00	0.000000000000000000e+00	1.195585662707792762e+00	0.000000000000000000e+00	5.138728728712298022e+00	0.000000000000000000e+00	2.292194553466774476e+00	7.873670039529631071e-01	5.753351125309126068e+00
5.209375000000000000e+01	6.788599942425234616e+07	0.000000000000000000e+00	4.491043408111922375e+00	0.000000000000000000e+00	1.733275350552484939e+00	0.000000000000000000e+00	5.351428908017515695e+00	0.000000000000000000e+00	1.159504229836663569e+00	8.781540152192391924e-01	6.161468191049896959e+00
5.312500000000000000e+01	6.788599594627358019e+07	0.000000000000000000e+00	6.818080468175334197e+00	0.000000000000000000e+00	2.571400932958750385e+00	0.000000000000000000e+00	5.664245047725803950e+00	0.000000000000000000e+00	-2.036215889467927753e-01	1.050094159586638654e+00	6.866909934205525090e+00
5.415625000000000000e+01	6.788599076250472665e+07	0.000000000000000000e+00	1.026381318515357677e+01	0.000000000000000000e+00	3.843198831825350048e+00	0.000000000000000000e+00	6.130483275061489046e+00	0.000000000000000000e+00	-1.970754524862238899e+00	1.341855909511395994e+00	7.476597678701585536e+00
5.518750000000000000e+01	6.788598300351129472e+07	0.000000000000000000e+00	1.541068511432130705e+01	0.000000000000000000e+00	5.757461354037702428e+00	0.000000000000000000e+00	6.828342265819690837e+00	0.000000000000000000e+00	-4.387572969585677107e+00	1.810081461500074651e+00	8.003528632958749611e+00
5.621875000000000000e+01	6.788597137449371815e+07	0.000000000000000000e+00	2.311971109173175876e+01	0.000000000000000000e+00	8.631516302707604282e+00	0.000000000000000000e+00	7.874278918623978996e+00	0.000000000000000000e+00	-7.813415904096546960e+00	2.539406860841492808e+00	8.458935794035895128e+00
5.725000000000000000e+01	6.788595393791164458e+07	0.000000000000000000e+00	3.467630405843281949e+01	0.000000000000000000e+00	1.294322467122600351e+01	0.000000000000000000e+00	9.442559649397141541e+00	0.000000000000000000e+00	-1.278097227057281415e+01	3.656892549315518881e+00	8.852527393293543767e+00
5.828125000000000000e+01	6.788592779005679488e+07	0.000000000000000000e+00	5.200544348806212724e+01	0.000000000000000000e+00	1.941014947505938792e+01	0.000000000000000000e+00	1.179435026525481511e+01	0.000000000000000000e+00	-2.008452265703365569e+01	5.353391354281829884e+00	9.192693841022469670e+00
5.931250000000000000e+01	6.788588857721853256e+07	0.000000000000000000e+00	7.799270764001865075e+01	0.000000000000000000e+00	2.910884040802615758e+01	0.000000000000000000e+00	1.532123344474238991e+01	0.000000000000000000e+00	-3.091164022007894729e+01	7.915471015325313608e+00	9.486686570521404960e+00
6.034375000000000000e+01	6.788582977065324783e+07	0.000000000000000000e+00	1.169649432719981519e+02	0.000000000000000000e+00	4.365398301864713915e+01	0.000000000000000000e+00	2.061042047709945280e+01	0.000000000000000000e+00	-4.704037011145902625e+01	1.177323499773133442e+01	9.740772590625663696e+00
6.137500000000000000e+01	6.788574157954357564e+07	0.000000000000000000e+00	1.754107462716449675e+02	0.000000000000000000e+00	6.546718592287473371e+01	0.000000000000000000e+00	2.854252425794806669e+01	0.000000000000000000e+00	-7.113474960808134995e+01	1.757201784117652466e+01	9.960368035994898506e+00
6.240625000000000000e+01	6.788560932093296945e+07	0.000000000000000000e+00	2.630607620061088596e+02	0.000000000000000000e+00	9.818012904001341212e+01	0.000000000000000000e+00	4.043817601268432327e+01	0.000000000000000000e+00	-1.071878729737774023e+02	2.627989938186662400e+01	1.015015355400526786e+01
6.343750000000000000e+01	6.788541097526766360e+07	0.000000000000000000e+00	3.945076613067480480e+02	0.000000000000000000e+00	1.472391740951688064e+02	0.000000000000000000e+00	5.827789696689337973e+01	0.000000000000000000e+00	-1.611862462076461782e+02	3.934894255580859124e+01	1.031417397579387618e+01
6.446875000000000000e+01	6.788511352066181600e+07	0.000000000000000000e+00	5.916354327390582739e+02	0.000000000000000000e+00	2.208120759971037046e+02	0.000000000000000000e+00	8.503182947587161777e+01	0.000000000000000000e+00	-2.421059866410747929e+02	5.895700271037196671e+01	1.045592437784515205e+01
6.550000000000000000e+01	6.788466743581415713e+07	0.000000000000000000e+00	8.872622576708688484e+02	0.000000000000000000e+00	3.311477101841671242e+02	0.000000000000000000e+00	1.251542180109587434e+02	0.000000000000000000e+00	-3.634066059241550306e+02	8.837037072794458936e+01	1.057842434119711506e+01
6.653125000000000000e+01	6.788399845691362023e+07	0.000000000000000000e+00	1.330603033943124501e+03	0.000000000000000000e+00	4.966151024551333535e+02	0.000000000000000000e+00	1.853249500046899527e+02	0.000000000000000000e+00	-5.452708135712085777e+02	1.324876312504445082e+02	1.068428194997236425e+01
6.756250000000000000e+01	6.788299521738581359e+07	0.000000000000000000e+00	1.995460009558330967e+03	0.000000000000000000e+00	7.447610265367785587e+02	0.000000000000000000e+00	2.755615781215095694e+02	0.000000000000000000e+00	-8.179626593124410192e+02	1.986552914127596807e+02	1.077574883156091090e+01
6.859375000000000000e+01	6.788149071543739736e+07	0.000000000000000000e+00	2.992502936613943348e+03	0.000000000000000000e+00	1.116894747494771309e+03	0.000000000000000000e+00	4.108868785302107085e+02	0.000000000000000000e+00	-1.226861794882499225e+03	2.978909908018351871e+02	1.085476731887554358e+01
6.962500000000000000e+01	6.787923453028526902e+07	0.000000000000000000e+00	4.487678195979780867e+03	0.000000000000000000e+00	1.674962137387306029e+03	0.000000000000000000e+00	6.138293813957272960e+02	0.000000000000000000e+00	-1.840009049250101043e+03	4.467179798312784555e+02	1.092301060082039577e+01
7.065625000000000000e+01	6.787585117567639053e+07	0.000000000000000000e+00	6.729800398883086928e+03	0.000000000000000000e+00	2.511851180787024987e+03	0.000000000000000000e+00	9.181727439714926504e+02	0.000000000000000000e+00	-2.759412920341191239e+03	6.699163642705260600e+02	1.098191650825700272e+01
7.168750000000000000e+01	6.787077768923842907e+07	0.000000000000000000e+00	1.009189445987330873e+04	0.000000000000000000e+00	3.766839103145344779e+03	0.000000000000000000e+00	1.374577198579565447e+03	0.000000000000000000e+00	-4.137984419577236622e+03	1.004649335924793604e+03	1.103271534328337822e+01
7.271875000000000000e+01	6.786317013952013850e+07	0.000000000000000000e+00	1.513311328717152537e+04	0.000000000000000000e+00	5.648740460108146181e+03	0.000000000000000000e+00	2.059006732622631262e+03	0.000000000000000000e+00	-6.204886060592746617e+03	1.506651730974370139e+03	1.107645187758171978e+01
7.375000000000000000e+01	6.785176364838545024e+07	0.000000000000000000e+00	2.269140957271272418e+04	0.000000000000000000e+00	8.470582087162565585e+03	0.000000000000000000e+00	3.085359954698358251e+03	0.000000000000000000e+00	-9.303439613783233654e+03	2.259512060680755894e+03	1.111400129002045567e+01
7.478125000000000000e+01	6.783466299097479880e+07	0.000000000000000000e+00	3.402209800378540240e+04	0.000000000000000000e+00	1.270151491389265357e+04	0.000000000000000000e+00	4.624396107555552589e+03	0.000000000000000000e+00	-1.394773375667601067e+04	3.388595187619100670e+03	1.114607834058276481e+01
7.581250000000000000e+01	6.780902973478180170e+07	0.000000000000000000e+00	5.100471997314754844e+04	0.000000000000000000e+00	1.904446378706454925e+04	0.000000000000000000e+00	6.932081458010574352e+03	0.000000000000000000e+00	-2.090697432685494277e+04	5.081927664995030682e+03	1.117323842429155434e+01
7.684375000000000000e+01	6.777061568009985983e+07	0.000000000000000000e+00	7.645117725173642975e+04	0.000000000000000000e+00	2.855212510326228585e+04	0.000000000000000000e+00	1.039201754516576148e+04	0.000000000000000000e+00	-3.133076435067507919e+04	7.621531924578078360e+03	1.119586822670612136e+01
7.787500000000000000e+01	6.771306907181276381e+07	0.000000000000000000e+00	1.145631320751711028e+05	0.000000000000000000e+00	4.279991101062075177e+04	0.000000000000000000e+00	1.557888510145827058e+04	0.000000000000000000e+00	-4.693425487121236074e+04	1.143044613263707652e+04	1.121416239046259555e+01
7.890625000000000000e+01	6.762690735220728815e+07	0.000000000000000000e+00	1.716074383548641927e+05	0.000000000000000000e+00	6.414303483045780013e+04	0.000000000000000000e+00	2.335317460742261756e+04	0.000000000000000000e+00	-7.026971186780146672e+04	1.714330235735372116e+04	1.122808074207615370e+01
7.993750000000000000e+01	6.749800612850844860e+07	0.000000000000000000e+00	2.569055845111198723e+05	0.000000000000000000e+00	9.609696558596560499e+04	0.000000000000000000e+00	3.500232139449270471e+04	0.000000000000000000e+00	-1.051201886046230939e+05	2.571231119138572103e+04	1.123727803413633275e+01
8.096875000000000000e+01	6.730539877491980791e+07	0.000000000000000000e+00	3.842653159553053556e+05	0.000000000000000000e+00	1.438966278506951348e+05	0.000000000000000000e+00	5.245028127421891986e+04	0.000000000000000000e+00	-1.570597717113840044e+05	3.856651094881109020e+04	1.124099466336828179e+01
8.200000000000000000e+01	6.701812197497238219e+07	0.000000000000000000e+00	5.740120885942598106e+05	0.000000000000000000e+00	2.153097592565033119e+05	0.000000000000000000e+00	7.856717717688303674e+04	0.000000000000000000e+00	-2.342273874921151146e+05	5.785125080042895570e+04	1.029286951359497060e+01
8.200000000000000000e+01	6.701812197497238219e+07	0.000000000000000000e+00	5.740120885942598106e+05	0.000000000000000000e+00	2.153097592565033119e+05	0.000000000000000000e+00	7.856717717688303674e+04	0.000000000000000000e+00	-2.342273874921151146e+05	5.785125080042895570e+04	8.653960473237853890e+00
8.301886792452830832e+01	6.697912816026772559e+07	0.000000000000000000e+00	5.036389366141218925e+05	0.000000000000000000e+00	2.877533085941028548e+05	0.000000000000000000e+00	1.154905945240802539e+05	0.000000000000000000e+00	-7.116254133135080338e+02	8.483928826101045706e+04	7.239161279546139305e+00
8.403773584905660243e+01	6.693073322874100506e+07	0.000000000000000000e+00	4.546948632712293766e+05	0.000000000000000000e+00	3.392370310335992253e+05	0.000000000000000000e+00	1.613458769541905785e+05	0.000000000000000000e+00	2.492799081312633934e+05	1.167144577098126756e+05	6.628898626029235963e+00
8.505660377358491075e+01	6.687566687847113609e+07	0.000000000000000000e+00	4.207745311456245836e+05	0.000000000000000000e+00	3.760067679395616869e+05	0.000000000000000000e+00	2.135628224437038007e+05	0.000000000000000000e+00	4.994469244436901063e+05	1.504976531812293106e+05	6.225162254259235972e+00
8.607547169811320487e+01	6.681584614348105341e+07	0.000000000000000000e+00	3.973843105928819859e+05	0.000000000000000000e+00	4.024436615286020678e+05	0.000000000000000000e+00	2.703368843974919291e+05	0.000000000000000000e+00	7.398991585038623307e+05	1.843066559270248399e+05	5.526232582888879641e+00
8.709433962264151319e+01	6.675261751575285196e+07	0.000000000000000000e+00	3.813720598597541102e+05	0.000000000000000000e+00	4.216208665509190760e+05	0.000000000000000000e+00	3.304005578365006368e+05	0.000000000000000000e+00	9.650355218004580820e+05	2.169975074957646139e+05	4.922054914735499054e+00
8.811320754716980730e+01	6.668692713739616424e+07	0.000000000000000000e+00	3.705267654878837056e+05	0.000000000000000000e+00	4.356940513527608127e+05	0.000000000000000000e+00	3.928630457632192411e+05	0.000000000000000000e+00	1.172081531976509606e+06	2.479194013870005438e+05	4.399746614420138258e+00
8.913207547169811562e+01	6.661944033453506231e+07	0.000000000000000000e+00	3.632975482122115791e+05	0.000000000000000000e+00	4.461753229344466818e+05	0.000000000000000000e+00	4.570977943183063762e+05	0.000000000000000000e+00	1.360087118113952922e+06	2.767469747711605160e+05	3.948189888469635367e+00
9.015094339622640973e+01	6.655062551423586905e+07	0.000000000000000000e+00	3.585965192269622348e+05	0.000000000000000000e+00	4.541253614989509224e+05	0.000000000000000000e+00	5.226636050382485264e+05	0.000000000000000000e+00	1.529245039174328092e+06	3.033657331458391855e+05	3.557777422170344206e+00
9.116981132075471805e+01	6.648081302213745564e+07	0.000000000000000000e+00	3.556604980861886288e+05	0.000000000000000000e+00	4.602881815753486590e+05	0.000000000000000000e+00	5.892492982010407140e+05	0.000000000000000000e+00	1.680431592120732414e+06	3.277940815334566287e+05	3.220206941406259293e+00
9.218867924528302638e+01	6.641023642194370180e+07	0.000000000000000000e+00	3.539540305288751842e+05	0.000000000000000000e+00	4.651856531804250553e+05	0.000000000000000000e+00	6.566348943470328813e+05	0.000000000000000000e+00	1.814900748567278963e+06	3.501306144167596940e+05	2.928303782704684721e+00
9.320754716981132049e+01	6.633906144090728462e+07	0.000000000000000000e+00	3.531013769948229310e+05	0.000000000000000000e+00	4.691838000745386817e+05	0.000000000000000000e+00	7.246643820233858423e+05	0.000000000000000000e+00	1.934083674049210967e+06	3.705188300433548866e+05	2.675867633187138495e+00
9.422641509433961460e+01	6.626740626445373148e+07	0.000000000000000000e+00	3.528388186581456102e+05	0.000000000000000000e+00	4.725393045492262463e+05	0.000000000000000000e+00	7.932266123389309505e+05	0.000000000000000000e+00	2.039460207270381507e+06	3.891238405490117148e+05	2.457540133984386976e+00
9.524528301886792292e+01	6.619535576456259191e+07	0.000000000000000000e+00	3.529812111022611498e+05	0.000000000000000000e+00	4.754321301317854086e+05	0.000000000000000000e+00	8.622418942033869680e+05	0.000000000000000000e+00	2.132479124247692060e+06	4.061173102421378135e+05	2.268690497123695859e+00
9.626415094339623124e+01	6.612297147488028556e+07	0.000000000000000000e+00	3.533985287049799226e+05	0.000000000000000000e+00	4.779884077369740116e+05	0.000000000000000000e+00	9.316525886777956039e+05	0.000000000000000000e+00	2.214511170233924873e+06	4.216680060948238824e+05	2.105316678125892960e+00
9.728301886792452535e+01	6.605029858391355723e+07	0.000000000000000000e+00	3.539994146462222561e+05	0.000000000000000000e+00	4.802964924748874037e+05	0.000000000000000000e+00	1.001416508965364192e+06	0.000000000000000000e+00	2.286823831139174756e+06	4.359361457243168261e+05	1.964140681049296067e+00
9.830188679245283367e+01	6.597737083767862618e+07	0.000000000000000000e+00	3.547196434570742422e+05	0.000000000000000000e+00	4.824182299623182626e+05	0.000000000000000000e+00	1.071502288902016589e+06	0.000000000000000000e+00	2.350570285825753119e+06	4.490702865878886078e+05	1.841966442062206388e+00
9.932075471698112779e+01	6.590421397670783103e+07	0.000000000000000000e+00	3.555140285220002406e+05	0.000000000000000000e+00	4.843968620620971778e+05	0.000000000000000000e+00	1.141886132708108751e+06	0.000000000000000000e+00	2.406787388379370328e+06	4.612058895962871029e+05	1.736214432854655154e+00
1.003396226415094361e+02	6.583084814548476785e+07	0.000000000000000000e+00	3.563507455095069599e+05	0.000000000000000000e+00	4.862625749719348969e+05	0.000000000000000000e+00	1.212549534033832140e+06	0.000000000000000000e+00	2.456399196111801546e+06	4.724649619234764832e+05	1.644655282679640340e+00
1.013584905660377444e+02	6.575728958140334487e+07	0.000000000000000000e+00	3.572073501902022981e+05	0.000000000000000000e+00	4.880363931401177542e+05	0.000000000000000000e+00	1.283477675266372506e+06	0.000000000000000000e+00	2.500223709306322038e+06	4.829563729353200761e+05	1.565362242018858208e+00
1.023773584905660385e+02	6.568355179853515327e+07	0.000000000000000000e+00	3.580679846811231691e+05	0.000000000000000000e+00	4.897329124833395472e+05	0.000000000000000000e+00	1.354658304300424177e+06	0.000000000000000000e+00	2.538981279676569160e+06	4.927765686341878027e+05	1.496670101582542767e+00
1.033962264150943327e+02	6.560964641713266820e+07	0.000000000000000000e+00	3.589214173035763088e+05	0.000000000000000000e+00	4.913622190968861105e+05	0.000000000000000000e+00	1.426080946466909023e+06	0.000000000000000000e+00	2.573303685889759567e+06	5.020105011377470801e+05	1.437139689441816914e+00
1.044150943396226410e+02	6.553558374468404055e+07	0.000000000000000000e+00	3.597596672198018641e+05	0.000000000000000000e+00	4.929312363416378503e+05	0.000000000000000000e+00	1.497736351754560601e+06	0.000000000000000000e+00	2.603743242854763754e+06	5.107326526115353918e+05	1.385527188468707038e+00
1.054339622641509493e+02	6.546137318271163851e+07	0.000000000000000000e+00	3.605770393245630548e+05	0.000000000000000000e+00	4.944446707281746785e+05	0.000000000000000000e+00	1.569616107235664735e+06	0.000000000000000000e+00	2.630781560147881508e+06	5.190080762643747730e+05	1.340552868674119713e+00
1.064528301886792434e+02	6.538702351133806258e+07	0.000000000000000000e+00	3.613694469771083095e+05	0.000000000000000000e+00	4.959056761839469546e+05	0.000000000000000000e+00	1.641712365500923246e+06	0.000000000000000000e+00	2.654837731091176160e+06	5.268934064610676141e+05	1.301522624623973057e+00
1.074716981132075517e+02	6.531254308810150623e+07	0.000000000000000000e+00	3.621339367024439853e+05	0.000000000000000000e+00	4.973163206257518032e+05	0.000000000000000000e+00	1.714017654570338316e+06	0.000000000000000000e+00	2.676275843440823257e+06	5.344378098931985442e+05	1.267781563741775530e+00
1.084905660377358458e+02	6.523793998660593480e+07	0.000000000000000000e+00	3.628683546202060534e+05	0.000000000000000000e+00	4.986779137371005490e+05	0.000000000000000000e+00	1.786524745036794106e+06	0.000000000000000000e+00	2.695411773320776410e+06	5.416838630092272069e+05	1.238456976525858622e+00
1.095094339622641542e+02	6.516322209295128286e+07	0.000000000000000000e+00	3.635711123357014148e+05	0.000000000000000000e+00	4.999912372919562622e+05	0.000000000000000000e+00	1.859226557421095902e+06	0.000000000000000000e+00	2.712519268378627021e+06	5.486683495925831376e+05	1.212949187959468711e+00
1.105283018867924483e+02	6.508839717253142595e+07	0.000000000000000000e+00	3.642410226371870958e+05	0.000000000000000000e+00	5.012567070449150633e+05	0.000000000000000000e+00	1.932116097786506871e+06	0.000000000000000000e+00	2.727835352737778332e+06	5.554229779261765070e+05	1.190739930342680442e+00
1.115471698113207566e+02	6.501347291603075713e+07	0.000000000000000000e+00	3.648771841891723452e+05	0.000000000000000000e+00	5.024744865605899249e+05	0.000000000000000000e+00	2.005186413219519425e+06	0.000000000000000000e+00	2.741565101094460580e+06	5.619750203944678651e+05	1.171381294133019724e+00
1.125660377358490507e+02	6.493845697081511468e+07	0.000000000000000000e+00	3.654789006174306269e+05	0.000000000000000000e+00	5.036445672856114688e+05	0.000000000000000000e+00	2.078430561281882226e+06	0.000000000000000000e+00	2.753885836324342992e+06	5.683478803460266208e+05	1.154486178508029592e+00
1.135849056603773590e+02	6.486335696206492186e+07	0.000000000000000000e+00	3.660456237356884521e+05	0.000000000000000000e+00	5.047668249063558760e+05	0.000000000000000000e+00	2.151841589293080848e+06	0.000000000000000000e+00	2.764950806997559965e+06	5.745615920527311973e+05	1.139720038065263896e+00
1.146037735849056673e+02	6.478818050670182705e+07	0.000000000000000000e+00	3.665769137193295755e+05	0.000000000000000000e+00	5.058410590447626309e+05	0.000000000000000000e+00	2.225412520534126088e+06	0.000000000000000000e+00	2.774892400135841686e+06	5.806332599890901474e+05	1.126793749717030835e+00
1.156226415094339615e+02	6.471293522225105017e+07	0.000000000000000000e+00	3.670724111755968770e+05	0.000000000000000000e+00	5.068670212449015235e+05	0.000000000000000000e+00	2.299136345328497700e+06	0.000000000000000000e+00	2.783824941647263244e+06	5.865774436447041808e+05	1.115457447720527018e+00
1.166415094339622556e+02	6.463762873214326054e+07	0.000000000000000000e+00	3.675318175645789015e+05	0.000000000000000000e+00	5.078444347286847187e+05	0.000000000000000000e+00	2.373006015563520137e+06	0.000000000000000000e+00	2.791847132983893622e+06	5.924064938297774643e+05	1.105495195422594223e+00
1.176603773584905639e+02	6.456226866851259768e+07	0.000000000000000000e+00	3.679548814814739162e+05	0.000000000000000000e+00	5.087730083638955839e+05	0.000000000000000000e+00	2.447014441642084159e+06	0.000000000000000000e+00	2.799044168235076591e+06	5.981308460422316566e+05	1.096720380132550465e+00
1.186792452830188722e+02	6.448686267323296517e+07	0.000000000000000000e+00	3.683413890520306304e+05	0.000000000000000000e+00	5.096524465607179445e+05	0.000000000000000000e+00	2.521154491154340096e+06	0.000000000000000000e+00	2.805489571444948670e+06	6.037592760046981275e+05	1.088971732946416804e+00
1.196981132075471663e+02	6.441141839771465957e+07	0.000000000000000000e+00	3.686911572135462193e+05	0.000000000000000000e+00	5.104824563023648225e+05	0.000000000000000000e+00	2.595418988769484684e+06	0.000000000000000000e+00	2.811246789643292315e+06	6.092991219955059933e+05	1.082109888659297692e+00
1.207169811320754746e+02	6.433594350182839483e+07	0.000000000000000000e+00	3.690040290192275424e+05	0.000000000000000000e+00	5.112627521567838849e+05	0.000000000000000000e+00	2.669800716995652765e+06	0.000000000000000000e+00	2.816370573029796593e+06	6.147564781182639999e+05	1.076014412402251708e+00
1.217358490566037688e+02	6.426044565221542865e+07	0.000000000000000000e+00	3.692798703603048925e+05	0.000000000000000000e+00	5.119930598645018181e+05	0.000000000000000000e+00	2.744292417559823953e+06	0.000000000000000000e+00	2.820908170019245706e+06	6.201363621969660744e+05	1.070581229568866810e+00
1.227547169811320771e+02	6.418493252016620338e+07	0.000000000000000000e+00	3.695185676804696559e+05	0.000000000000000000e+00	5.126731189207037096e+05	0.000000000000000000e+00	2.818886793232682161e+06	0.000000000000000000e+00	2.824900361466249917e+06	6.254428615574148716e+05	1.065720404163543966e+00
1.237735849056603854e+02	6.410941177919640392e+07	0.000000000000000000e+00	3.697200263837492676e+05	0.000000000000000000e+00	5.133026844453088706e+05	0.000000000000000000e+00	2.893576509974595625e+06	0.000000000000000000e+00	2.828382355345270596e+06	6.306792595657833153e+05	1.061354218086190127e+00
1.247924528301886795e+02	6.403389110241179168e+07	0.000000000000000000e+00	3.698841697258139611e+05	0.000000000000000000e+00	5.138815285474529373e+05	0.000000000000000000e+00	2.968354199314999394e+06	0.000000000000000000e+00	2.831384560452308506e+06	6.358481454427578719e+05	1.057415510217427856e+00
1.258113207547169736e+02	6.395837815972678363e+07	0.000000000000000000e+00	3.700109380411467282e+05	0.000000000000000000e+00	5.144094413294025580e+05	0.000000000000000000e+00	3.043212460902722552e+06	0.000000000000000000e+00	2.833933255297525786e+06	6.409515095562831266e+05	1.053846239610529256e+00
1.268301886792452819e+02	6.388288061498326063e+07	0.000000000000000000e+00	3.701002882023715647e+05	0.000000000000000000e+00	5.148862316318017547e+05	0.000000000000000000e+00	3.118143865182620008e+06	0.000000000000000000e+00	2.836051166247696616e+06	6.459908261156062363e+05	1.050596241734413461e+00
1.278490566037735903e+02	6.380740612300299108e+07	0.000000000000000000e+00	3.701521932388601708e+05	0.000000000000000000e+00	5.153117275918384548e+05	0.000000000000000000e+00	3.193140956166364253e+06	0.000000000000000000e+00	2.837757967126612086e+06	6.509671249415851198e+05	1.047622150629297311e+00
1.288679245283018986e+02	6.373196232659798115e+07	0.000000000000000000e+00	3.701666420633987291e+05	0.000000000000000000e+00	5.156857770646265126e+05	0.000000000000000000e+00	3.268196254274050239e+06	0.000000000000000000e+00	2.839070710863396060e+06	6.558810537702359725e+05	1.044886463099547802e+00
1.298867924528301785e+02	6.365655685355660319e+07	0.000000000000000000e+00	3.701436392709222273e+05	0.000000000000000000e+00	5.160082479431311367e+05	0.000000000000000000e+00	3.343302259229396004e+06	0.000000000000000000e+00	2.840004202367269900e+06	6.607329323553357972e+05	1.042356723736290958e+00
1.309056603773584868e+02	6.358119731361886114e+07	0.000000000000000000e+00	3.700832049840327236e+05	0.000000000000000000e+00	5.162790284014565405e+05	0.000000000000000000e+00	3.418451452995707281e+06	0.000000000000000000e+00	2.840571320578648709e+06	6.655227994687309256e+05	1.039828073593763946e+00
1.319245283018867951e+02	6.350589129545082152e+07	0.000000000000000000e+00	3.699853747275463538e+05	0.000000000000000000e+00	5.164980270789263304e+05	0.000000000000000000e+00	3.493636302742760163e+06	0.000000000000000000e+00	2.840783296578451060e+06	6.702504537511299131e+05	1.037479789947513220e+00
1.329433962264151035e+02	6.343064636362627894e+07	0.000000000000000000e+00	3.698501993196136900e+05	0.000000000000000000e+00	5.166651732172057382e+05	0.000000000000000000e+00	3.568849263836957049e+06	0.000000000000000000e+00	2.840649953710404225e+06	6.749154892391007161e+05	1.035287294421697979e+00
1.339622641509433834e+02	6.335547005562172830e+07	0.000000000000000000e+00	3.696777447706877138e+05	0.000000000000000000e+00	5.167804167590735015e+05	0.000000000000000000e+00	3.644082782848563511e+06	0.000000000000000000e+00	2.840179914867035579e+06	6.795173262834665366e+05	1.033229411209056536e+00
1.349811320754716917e+02	6.328036987882998586e+07	0.000000000000000000e+00	3.694680921842419193e+05	0.000000000000000000e+00	5.168437284149020561e+05	0.000000000000000000e+00	3.719329300570920575e+06	0.000000000000000000e+00	2.839380781393287703e+06	6.840552384782724548e+05	1.031287897632742423e+00
1.360000000000000000e+02	6.320535330759670585e+07	0.000000000000000000e+00	3.692213376548220403e+05	0.000000000000000000e+00	5.168550997012842563e+05	0.000000000000000000e+00	3.794581255047240760e+06	0.000000000000000000e+00	2.838259287456403952e+06	6.885283761372533627e+05	9.428934053904129975e-01
1.360000000000000000e+02	6.320535330759670585e+07	0.000000000000000000e+00	3.692213376548220403e+05	0.000000000000000000e+00	5.168550997012842563e+05	0.000000000000000000e+00	3.794581255047240760e+06	0.000000000000000000e+00	2.838259287456403952e+06	6.885283761372533627e+05	7.916418442097180597e-01
1.373333333333333428e+02	6.319677316628975421e+07	0.000000000000000000e+00	2.903249975824561552e+05	0.000000000000000000e+00	5.065347010468307417e+05	0.000000000000000000e+00	3.892378135081015993e+06	0.000000000000000000e+00	2.917639653610447887e+06	6.933789599025859497e+05	6.609665734727281361e-01
1.386666666666666572e+02	6.318850260201103985e+07	0.000000000000000000e+00	2.296194615139752568e+05	0.000000000000000000e+00	4.812299272428801050e+05	0.000000000000000000e+00	3.986659009232159704e+06	0.000000000000000000e+00	2.962341427656798624e+06	6.937091606270365883e+05	6.041499128734459934e-01
1.400000000000000000e+02	6.318073476983860880e+07	0.000000000000000000e+00	1.826793676644789230e+05	0.000000000000000000e+00	4.473766703574669082e+05	0.000000000000000000e+00	4.075220192139503080e+06	0.000000000000000000e+00	2.965623989722062368e+06	6.873840074767168844e+05	5.664037432419578577e-01
