2019-12-18 00:00:00	0.0	0.0
2019-12-19 00:00:00	0.0	0.0
2019-12-20 00:00:00	0.0	0.0
2019-12-21 00:00:00	0.0	0.0
2019-12-22 00:00:00	0.0	0.0
2019-12-23 00:00:00	0.0	0.0
2019-12-24 00:00:00	0.0	0.0
2019-12-25 00:00:00	0.0	0.0
2019-12-26 00:00:00	0.0	0.0
2019-12-27 00:00:00	0.0	0.0
2019-12-28 00:00:00	0.0	0.0
2019-12-29 00:00:00	0.0	0.0
2019-12-30 00:00:00	0.0	0.0
2019-12-31 00:00:00	0.0	0.0
2020-01-01 00:00:00	0.0	0.0
2020-01-02 00:00:00	0.0	0.0
2020-01-03 00:00:00	0.0	0.0
2020-01-04 00:00:00	0.0	0.0
2020-01-05 00:00:00	0.0	0.0
2020-01-06 00:00:00	0.0	0.0
2020-01-07 00:00:00	0.0	0.0
2020-01-08 00:00:00	0.0	0.0
2020-01-09 00:00:00	0.0	0.0
2020-01-10 00:00:00	0.0	0.0
2020-01-11 00:00:00	0.0	0.0
2020-01-12 00:00:00	0.0	0.0
2020-01-13 00:00:00	0.0	0.0
2020-01-14 00:00:00	0.0	0.0
2020-01-15 00:00:00	0.0	0.0
2020-01-16 00:00:00	0.0	0.0
2020-01-17 00:00:00	0.0	0.0
2020-01-18 00:00:00	0.0	0.0
2020-01-19 00:00:00	0.0	0.0
2020-01-20 00:00:00	0.0	0.0
2020-01-21 00:00:00	0.0	0.0
2020-01-22 00:00:00	0.0	0.0
2020-01-23 00:00:00	0.0	0.0
2020-01-24 00:00:00	0.0	0.0
2020-01-25 00:00:00	0.0	0.0
2020-01-26 00:00:00	0.0	0.0
2020-01-27 00:00:00	0.0	0.0
2020-01-28 00:00:00	0.0	0.0
2020-01-29 00:00:00	0.0	0.0
2020-01-30 00:00:00	0.0	0.0
2020-01-31 00:00:00	0.0	0.0
2020-02-01 00:00:00	0.0	0.0
2020-02-02 00:00:00	0.0	0.0
2020-02-03 00:00:00	0.0	0.0
2020-02-04 00:00:00	0.0	0.0
2020-02-05 00:00:00	0.0	0.0
2020-02-06 00:00:00	0.0	0.0
2020-02-07 00:00:00	0.0	0.0
2020-02-08 00:00:00	0.0	0.0
2020-02-09 00:00:00	0.0	0.0
2020-02-10 00:00:00	0.0	0.0
2020-02-11 00:00:00	0.0	0.0
2020-02-12 00:00:00	0.0	0.0
2020-02-13 00:00:00	0.0	0.0
2020-02-14 00:00:00	0.0	0.0
2020-02-15 00:00:00	0.0	0.0
2020-02-16 00:00:00	0.0	0.0
2020-02-17 00:00:00	0.0	0.0
2020-02-18 00:00:00	0.0	0.0
2020-02-19 00:00:00	0.0	0.0
2020-02-20 00:00:00	0.0	0.0
2020-02-21 00:00:00	0.0	0.0
2020-02-22 00:00:00	0.0	0.0
2020-02-23 00:00:00	0.0	0.0
2020-02-24 00:00:00	0.0	0.0
2020-02-25 00:00:00	0.0	0.0
2020-02-26 00:00:00	0.0	0.0
2020-02-27 00:00:00	0.0	0.0
2020-02-28 00:00:00	0.0	0.0
2020-02-29 00:00:00	0.0	0.0
2020-03-01 00:00:00	0.0	0.0
2020-03-02 00:00:00	0.0	0.0
2020-03-03 00:00:00	0.0	0.0
2020-03-04 00:00:00	0.0	0.0
2020-03-05 00:00:00	0.0	0.0
2020-03-06 00:00:00	0.0	0.0
2020-03-07 00:00:00	0.0	0.0
2020-03-08 00:00:00	0.0	0.0
2020-03-09 00:00:00	0.0	0.0
2020-03-10 00:00:00	0.0	0.0
2020-03-11 00:00:00	0.0	0.0
2020-03-12 00:00:00	0.0	0.0
2020-03-13 00:00:00	0.0	0.0
2020-03-14 00:00:00	0.0	0.0
2020-03-15 00:00:00	0.0	0.0
2020-03-16 00:00:00	0.0	0.0
2020-03-17 00:00:00	0.0	0.0
2020-03-18 00:00:00	0.0	0.0
2020-03-19 00:00:00	0.0	0.0
2020-03-20 00:00:00	0.0	0.0
2020-03-21 00:00:00	0.0	0.0
2020-03-22 00:00:00	0.0	0.0
2020-03-23 00:00:00	0.0	0.0
2020-03-24 00:00:00	0.0	0.0
2020-03-25 00:00:00	0.0	0.0
2020-03-26 00:00:00	0.0	0.0
2020-03-27 00:00:00	0.0	0.0
2020-03-28 00:00:00	0.0	0.0
2020-03-29 00:00:00	0.0	0.0
2020-03-30 00:00:00	0.0	0.0
2020-03-31 00:00:00	0.0	0.0
2020-04-01 00:00:00	0.0	0.0
2020-04-02 00:00:00	0.0	0.0
2020-04-03 00:00:00	0.0	0.0
2020-04-04 00:00:00	0.0	0.0
2020-04-05 00:00:00	0.0	0.0
2020-04-06 00:00:00	0.0	0.0
2020-04-07 00:00:00	0.0	0.0
2020-04-08 00:00:00	0.0	0.0
2020-04-09 00:00:00	0.0	0.0
2020-04-10 00:00:00	0.0	0.0
2020-04-11 00:00:00	0.0	0.0
2020-04-12 00:00:00	0.0	0.0
2020-04-13 00:00:00	0.0	0.0
2020-04-14 00:00:00	0.0	0.0
2020-04-15 00:00:00	0.0	0.0
2020-04-16 00:00:00	0.0	0.0
2020-04-17 00:00:00	0.0	0.0
2020-04-18 00:00:00	0.0	0.0
2020-04-19 00:00:00	0.0	0.0
2020-04-20 00:00:00	0.0	0.0
2020-04-21 00:00:00	0.0	0.0
2020-04-22 00:00:00	0.0	0.0
2020-04-23 00:00:00	0.0	0.0
2020-04-24 00:00:00	0.0	0.0
2020-04-25 00:00:00	0.0	0.0
2020-04-26 00:00:00	0.0	0.0
2020-04-27 00:00:00	0.0	0.0
2020-04-28 00:00:00	0.0	0.0
2020-04-29 00:00:00	0.0	0.0
2020-04-30 00:00:00	0.0	0.0
2020-05-01 00:00:00	0.0	0.0
2020-05-02 00:00:00	0.0	0.0
2020-05-03 00:00:00	0.0	0.0
2020-05-04 00:00:00	0.0	0.0
2020-05-05 00:00:00	0.0	0.0
2020-05-06 00:00:00	0.0	0.0
2020-05-07 00:00:00	0.0	0.0
2020-05-08 00:00:00	0.0	0.0
2020-05-09 00:00:00	0.0	0.0
2020-05-10 00:00:00	0.0	0.0
2020-05-11 00:00:00	0.0	0.0
2020-05-12 00:00:00	0.0	0.0
2020-05-13 00:00:00	0.0	0.0
2020-05-14 00:00:00	0.0	0.0
2020-05-15 00:00:00	0.0	0.0
2020-05-16 00:00:00	0.0	0.0
2020-05-17 00:00:00	0.0	0.0
2020-05-18 00:00:00	22502.52398237601	83333.18004654229
2020-05-19 00:00:00	22413.331404527788	81461.93734540942
2020-05-20 00:00:00	22309.814920572375	79164.65986760064
2020-05-21 00:00:00	22198.027977053844	76605.11171201323
2020-05-22 00:00:00	22082.197032962667	73898.00466542355
2020-05-23 00:00:00	21965.25215991062	71123.3162327734
2020-05-24 00:00:00	21849.203472606165	68336.42638103403
2020-05-25 00:00:00	21849.203472606165	68336.42638103403
2020-05-26 00:00:00	21735.4085904084	65575.30277095184
2020-05-27 00:00:00	21624.76277672637	62865.59489605023
2020-05-28 00:00:00	21517.834185569453	60224.24642574024
2020-05-29 00:00:00	21414.960126785394	57662.05753614274
2020-05-30 00:00:00	21316.315613318315	55185.50251881703
2020-05-31 00:00:00	21221.962201609585	52798.01947921795
2020-06-01 00:00:00	42262.689528430434	93625.0849506615
2020-06-02 00:00:00	42026.92793009324	88593.7895247204
2020-06-03 00:00:00	41808.26246797179	83877.29874779392
2020-06-04 00:00:00	41605.04515875663	79442.25890199901
2020-06-05 00:00:00	41415.908921846545	75262.23479121947
2020-06-06 00:00:00	41239.69556021538	71315.81584976678
2020-06-07 00:00:00	41075.40446492452	67585.26748201654
2020-06-08 00:00:00	40922.155993206325	64055.569918066656
2020-06-09 00:00:00	40779.16523797535	60713.732652504
2020-06-10 00:00:00	40645.72315243173	57548.30484017781
2020-06-11 00:00:00	40521.18287592052	54549.02494830439
2020-06-12 00:00:00	40404.94973576825	51706.569329041886
2020-06-13 00:00:00	40296.47384594625	49012.371022233274
2020-06-14 00:00:00	40195.2445400603	46458.48838993619
2020-06-15 00:00:00	40195.2445400603	46458.48838993619
2020-06-16 00:00:00	40100.78610078027	44037.50908858443
2020-06-17 00:00:00	40012.65440700028	41742.479087955704
2020-06-18 00:00:00	39930.434232689106	39566.84943767125
2020-06-19 00:00:00	39853.73701102007	37504.43561016773
2020-06-20 00:00:00	39782.19893354173	35549.38576221371
2020-06-21 00:00:00	39715.47929368547	33696.15533202394
2020-06-22 00:00:00	39653.259011649825	31939.48615195237
2020-06-23 00:00:00	39595.23929710556	30274.388797503525
2020-06-24 00:00:00	39541.140419677	28696.127276064915
2020-06-25 00:00:00	39490.70056651615	27200.2054289968
2020-06-26 00:00:00	39443.67477273008	25782.354611068735
2020-06-27 00:00:00	39399.833914822964	24438.522344894172
2020-06-28 00:00:00	39358.96376029192	23164.861741502824
2020-06-29 00:00:00	40203.65235105346	37781.12556175232
2020-06-30 00:00:00	40070.07380242251	34981.83674623667
2020-07-01 00:00:00	39950.120646318835	32434.224364713118
2020-07-02 00:00:00	39841.95918995438	30103.364274599804
2020-07-03 00:00:00	39744.123931304	27962.002483754874
2020-07-04 00:00:00	39655.421077976855	25988.452047958468
2020-07-05 00:00:00	39574.85996656265	24165.10550580732
2020-07-06 00:00:00	39501.60408944501	22477.37962336109
2020-07-07 00:00:00	39434.93592830566	20912.964251868256
2020-07-08 00:00:00	39374.231523293856	19461.285304790115
2020-07-09 00:00:00	39318.941918339086	18113.118626593157
2020-07-10 00:00:00	39268.579473934486	16860.310331752386
2020-07-11 00:00:00	39222.70763625727	15695.57240460883
2020-07-12 00:00:00	39180.933170658565	14612.331623681237
2020-07-13 00:00:00	39180.933170658565	14612.331623681237
2020-07-14 00:00:00	39142.90016172694	13604.616385460527
2020-07-15 00:00:00	39108.28528857259	12666.970575142186
2020-07-16 00:00:00	39076.7940288544	11794.386842704087
2020-07-17 00:00:00	39048.15754674408	10982.253897746072
2020-07-18 00:00:00	39022.13009138057	10226.314020326214
2020-07-19 00:00:00	38998.486782462525	9522.628097614295
2020-07-20 00:00:00	38977.02169480789	8867.546277939275
2020-07-21 00:00:00	38957.54617843159	8257.682883320853
2020-07-22 00:00:00	38939.88736808426	7689.894608064371
2020-07-23 00:00:00	38923.88684844724	7161.2613030586535
2020-07-24 00:00:00	38909.399449831086	13338.137674322672
2020-07-25 00:00:00	38897.24172787642	12465.959289211713
2020-07-26 00:00:00	38890.0047438995	11829.739640342046
2020-07-27 00:00:00	58329.11334456488	15141.583689353776
2020-07-28 00:00:00	58313.75705747245	14328.792265237094
2020-07-29 00:00:00	58302.114249241014	13664.023277089906
2020-07-30 00:00:00	58292.99224680724	13100.07020481601
2020-07-31 00:00:00	58285.60484433181	12605.94708080829
2020-08-01 00:00:00	58279.43209798628	12161.275177044174
2020-08-02 00:00:00	58274.128648079524	11752.614879345081
2020-08-03 00:00:00	58269.463722443055	11371.0671460532
2020-08-04 00:00:00	58265.281862342745	11010.705111730422
2020-08-05 00:00:00	58261.47720419302	10667.548499326145
2020-08-06 00:00:00	58257.97662966264	10338.892945726877
2020-08-07 00:00:00	58254.72871889019	10022.871399918513
2020-08-08 00:00:00	58251.69650160512	9718.167261519162
2020-08-09 00:00:00	58248.852694522946	9423.826734972992
2020-08-10 00:00:00	58246.176566982635	9139.136057199232
2020-08-11 00:00:00	58243.65187342378	8863.541143917295
2020-08-12 00:00:00	58241.26548531943	8596.594972622985
2020-08-13 00:00:00	58239.00648209123	8337.923102469733
2020-08-14 00:00:00	58239.00648209123	8337.923102469733
2020-08-15 00:00:00	58236.865543557076	8087.201054371768
2020-08-16 00:00:00	58234.83454078146	7844.139447422442
2020-08-17 00:00:00	58232.90625774363	7608.474208372576
2020-08-18 00:00:00	58231.0741995036	7379.960099786486
2020-08-19 00:00:00	58229.33245777733	7158.366419817223
2020-08-20 00:00:00	58227.675614806656	6943.474123624237
2020-08-21 00:00:00	58226.098672945496	6735.073876074265
2020-08-22 00:00:00	58224.597001667884	6532.964715105276
2020-08-23 00:00:00	58223.16629651419	6336.953116108282
2020-08-24 00:00:00	58221.80254633713	6146.85232023469
2020-08-25 00:00:00	58220.502006423114	5962.481836970742
2020-08-26 00:00:00	58219.26117586244	5783.667062329781
2020-08-27 00:00:00	58218.07677806983	5610.238974285697
2020-08-28 00:00:00	58216.94574370501	5442.033880323199
2020-08-29 00:00:00	58215.86519547453	5278.893200643718
2020-08-30 00:00:00	58214.83243445028	5120.663276228684
2020-08-31 00:00:00	155062.55315146825	6024.249741269404
2020-09-01 00:00:00	155057.08970021195	5698.1666274105455
2020-09-02 00:00:00	155052.84055322045	5401.239476912481
2020-09-03 00:00:00	155049.59195462038	5127.209127271843
2020-09-04 00:00:00	155047.18512353138	4871.8632984408305
2020-09-05 00:00:00	155045.49802249763	4632.31067862735
2020-09-06 00:00:00	155044.4336226457	4406.5156019519545
2020-09-07 00:00:00	155043.9123189976	4192.999426510868
2020-09-08 00:00:00	155043.8670020364	3990.648760937244
2020-09-09 00:00:00	155044.23982963598	3798.5921806375295
2020-09-10 00:00:00	155044.98008807187	3616.120853652372
2020-09-11 00:00:00	155046.04275131447	3442.637321992177
2020-09-12 00:00:00	155047.3874889086	3277.622341504658
2020-09-13 00:00:00	155048.97796301878	3120.613309540274
2020-09-14 00:00:00	155050.7813129123	2971.190133047904
2020-09-15 00:00:00	155052.767762007	2828.965878693627
2020-09-16 00:00:00	155052.767762007	2828.965878693627
2020-09-17 00:00:00	155054.91030613423	2693.58050081899
2020-09-18 00:00:00	155057.18445665983	2564.6965545863027
2020-09-19 00:00:00	155059.56802165418	2441.996193572448
2020-09-20 00:00:00	155062.04091436835	2325.179002244826
2020-09-21 00:00:00	155064.58498212084	2213.960374729042
2020-09-22 00:00:00	155067.18385113333	2108.070254453438
2020-09-23 00:00:00	155069.82278439018	2007.2521153883338
2020-09-24 00:00:00	155072.48855056128	1911.2621079935961
2020-09-25 00:00:00	155075.16930263297	1819.8683201708966
2020-09-26 00:00:00	155077.854465272	1732.8501209520446
2020-09-27 00:00:00	155080.53463018136	1649.9975658418418
2020-09-28 00:00:00	155083.2014588566	1571.1108499181687
2020-09-29 00:00:00	155085.84759224407	1495.9997994099099
2020-09-30 00:00:00	155088.46656686213	1424.4833954475084
2020-10-01 00:00:00	232616.96056295495	1370.9489572864843
2020-10-02 00:00:00	232621.55922744478	1303.1628093476122
2020-10-03 00:00:00	232626.07762456167	1238.918800251637
2020-10-04 00:00:00	232630.5083083459	1177.9647220755578
2020-10-05 00:00:00	232634.84546835942	1120.0889414200471
2020-10-06 00:00:00	232639.08458122145	1065.1082572149014
2020-10-07 00:00:00	232643.22216423368	1012.8600130747301
2020-10-08 00:00:00	232647.25559594607	963.1969337021429
2020-10-09 00:00:00	232651.18298119513	915.9837103425061
2020-10-10 00:00:00	232655.0030461475	871.0947109734351
2020-10-11 00:00:00	232658.7150540065	828.4124154895239
2020-10-12 00:00:00	232662.31873531494	787.8263197507721
2020-10-13 00:00:00	232665.8142288886	749.2321443471543
2020-10-14 00:00:00	232669.20203075773	712.5312428034396
2020-10-15 00:00:00	232672.48294936228	677.630141632328
2020-10-16 00:00:00	232675.65806579872	644.440168771501
2020-10-17 00:00:00	232675.65806579872	644.440168771501
2020-10-18 00:00:00	232678.72869827747	612.8771423915442
2020-10-19 00:00:00	232681.69637018317	582.861101959759
2020-10-20 00:00:00	232684.56278128253	554.3160697884515
2020-10-21 00:00:00	232687.32978172592	527.1698353648035
2020-10-22 00:00:00	232689.99934855764	501.3537573712828
2020-10-23 00:00:00	232692.57356449656	476.8025799850811
2020-10-24 00:00:00	232695.05459878372	453.4542611272785
2020-10-25 00:00:00	232697.44468991665	431.24981103230283
2020-10-26 00:00:00	232699.74613011105	410.1331399628151
2020-10-27 00:00:00	232701.96125134383	390.05091419268774
2020-10-28 00:00:00	232704.0924128467	370.95241957718986
2020-10-29 00:00:00	232706.14198992722	352.78943216122866
2020-10-30 00:00:00	232708.11236400699	335.5160953662722
2020-10-31 00:00:00	232710.00591377274	319.0888033594754
2020-11-01 00:00:00	232711.82500734585	303.466090258583
2020-11-02 00:00:00	232713.5738993557	288.592409978971
2020-11-03 00:00:00	232715.2528602143	274.4479600310361
2020-11-04 00:00:00	232716.8641958815	260.99696711450423
2020-11-05 00:00:00	232718.4101787836	248.20541460639464
2020-11-06 00:00:00	232719.89304385555	236.04095613803176
2020-11-07 00:00:00	232721.31498516683	224.47283344476804
2020-11-08 00:00:00	232722.6781530762	213.47179826901348
2020-11-09 00:00:00	232723.9846518648	203.0100381166612
2020-11-10 00:00:00	232725.23653779997	193.0611056717097
2020-11-11 00:00:00	232726.43581758926	183.5998516905312
2020-11-12 00:00:00	232727.5844471823	174.60236120284497
2020-11-13 00:00:00	232728.68433088754	166.04589285561275
2020-11-14 00:00:00	232729.73732076923	157.90882124441129
2020-11-15 00:00:00	232730.74521629408	150.1705820845824
2020-11-16 00:00:00	232730.74521629408	150.1705820845824
2020-11-17 00:00:00	232731.70976420149	142.81162008183531
2020-11-18 00:00:00	232732.63265857092	135.81333936894498
2020-11-19 00:00:00	232733.51554106368	129.1580563818214
2020-11-20 00:00:00	232734.36000131848	122.82895505451341
2020-11-21 00:00:00	232735.16757748116	116.81004421868842
2020-11-22 00:00:00	232735.93975685147	111.08611709880175
2020-11-23 00:00:00	232736.677976631	105.64271279956895
2020-11-24 00:00:00	232737.38362475883	100.4660796874662
2020-11-25 00:00:00	232738.0580408194	95.54314057286267
2020-11-26 00:00:00	232738.70251701478	90.8614596040073
2020-11-27 00:00:00	232739.31829918694	86.40921078848892
2020-11-28 00:00:00	232739.90658788275	82.17514806196489
2020-11-29 00:00:00	232740.46853945285	78.14857682791984
2020-11-30 00:00:00	232741.00526717547	74.31932689599122
2020-12-01 00:00:00	310321.3495153161	71.4174453884873
2020-12-02 00:00:00	310322.0102609059	67.87975571363232
2020-12-03 00:00:00	310322.6428804183	64.52677492156286
2020-12-04 00:00:00	310323.2484068595	61.34553338030844
2020-12-05 00:00:00	310323.8278671543	58.32508153076984
2020-12-06 00:00:00	310324.3822715649	55.4558998362062
2020-12-07 00:00:00	310324.9126072264	52.72951205973952
2020-12-08 00:00:00	310325.4198343219	50.13822980006911
2020-12-09 00:00:00	310325.9048839542	47.67498201547437
2020-12-10 00:00:00	310326.36865710205	45.333199665162525
2020-12-11 00:00:00	310326.81202427216	43.106736179502796
2020-12-12 00:00:00	310327.2358255931	40.989811299923694
2020-12-13 00:00:00	310327.64087118977	38.9769702365914
2020-12-14 00:00:00	310328.0279417328	37.063052936518645
2020-12-15 00:00:00	310328.39778909786	35.24317009082263
2020-12-16 00:00:00	310328.7511370893	33.51268369515764
2020-12-17 00:00:00	310329.08868220146	31.86719074271375
2020-12-18 00:00:00	310329.4110943995	30.302509123534406
2020-12-19 00:00:00	310329.71901790774	28.814665123366396
2020-12-20 00:00:00	310330.0130719975	27.399882121898603
2020-12-21 00:00:00	310330.29385177087	26.05457022387445
2020-12-22 00:00:00	310330.5619289338	24.775316643355463
2020-12-23 00:00:00	310330.8178525604	23.558876717714675
2020-12-24 00:00:00	310331.0621498432	22.402165464643634
2020-12-25 00:00:00	310331.29532683047	21.30224961950069
2020-12-26 00:00:00	310331.5178691478	20.256340106169823
2020-12-27 00:00:00	310331.7302427058	19.26178490513648
2020-12-28 00:00:00	310331.93289439066	18.31606228958489
2020-12-29 00:00:00	310332.12625274	17.41677440518598
2020-12-30 00:00:00	310332.31072860095	16.561641172654184
2020-12-31 00:00:00	310332.48671577254	15.748494494608288
2021-01-01 00:00:00	310332.65459163097	14.97527275010105
2021-01-02 00:00:00	310332.8147177385	14.240015561595213
2021-01-03 00:00:00	310332.96744043444	13.540858820295918
2021-01-04 00:00:00	310333.1130914111	12.876029956690314
2021-01-05 00:00:00	310333.25198827113	12.243843443951663
2021-01-06 00:00:00	310333.38443506946	11.642696522575452
2021-01-07 00:00:00	310333.5107228381	11.071065135253763
2021-01-08 00:00:00	310333.63113009516	10.527500061577731
2021-01-09 00:00:00	310333.74592333654	10.010623242697656
2021-01-10 00:00:00	310333.8553575137	9.519124286573758
2021-01-11 00:00:00	310333.9596764935	9.051757144922007
2021-01-12 00:00:00	310334.05911350396	8.607336953406026
2021-01-13 00:00:00	310334.153891565	8.184737027043681
2021-01-14 00:00:00	310334.2442239029	7.782886003198
2021-01-15 00:00:00	310334.2442239029	7.782886003198
2021-01-16 00:00:00	310334.33031435247	7.400765124896157
2021-01-17 00:00:00	310334.41235774267	7.037405657581211
2021-01-18 00:00:00	310334.49054027017	6.691886432738229
2021-01-19 00:00:00	310334.56503985805	6.363331512162111
2021-01-20 00:00:00	310334.6360265023	6.050907966938527
2021-01-21 00:00:00	310334.70366260473	5.753823765503429
2021-01-22 00:00:00	310334.7681032939	5.471325765421487
2021-01-23 00:00:00	310334.82949673355	5.202697803789069
2021-01-24 00:00:00	310334.8879844196	4.947258881416669
2021-01-25 00:00:00	310334.94370146486	4.70436143618436
2021-01-26 00:00:00	310334.996776874	4.473389701190047
2021-01-27 00:00:00	310335.0473338063	4.253758143525641
2021-01-28 00:00:00	310335.09548982925	4.0449099797208525
2021-01-29 00:00:00	310335.1413571613	3.846315764088982
2021-01-30 00:00:00	310335.1850429048	3.6574720463940347
2021-01-31 00:00:00	310335.22664927045	3.4779000954344705
2021-02-01 00:00:00	310335.26627379144	3.3071446853061404
2021-02-02 00:00:00	310335.30400952965	3.1447729412660377
2021-02-03 00:00:00	310335.33994527283	2.990373242269709
2021-02-04 00:00:00	310335.37416572444	2.8435541773989765
2021-02-05 00:00:00	310335.4067516847	2.7039435535333656
2021-02-06 00:00:00	310335.43778022466	2.57118745174862
2021-02-07 00:00:00	310335.4673248525	2.4449493300493326
2021-02-08 00:00:00	310335.4954556731	2.3249091701602524
2021-02-09 00:00:00	310335.52223954105	2.2107626662126
2021-02-10 00:00:00	310335.5477402068	2.1022204532680084
2021-02-11 00:00:00	310335.57201845676	1.9990073737237468
2021-02-12 00:00:00	310335.59513224673	1.9008617797389993
2021-02-13 00:00:00	310335.61713683093	1.8075348699133038
2021-02-14 00:00:00	310335.6380848842	1.7187900585351725
2021-02-15 00:00:00	310335.65802661935	1.6344023758014963
2021-02-16 00:00:00	310335.6770098995	1.554157897486906
2021-02-17 00:00:00	310335.69508034544	1.4778532026169446
2021-02-18 00:00:00	310335.71228143806	1.4052948577699396
2021-02-19 00:00:00	310335.7286546166	1.3362989266999812
2021-02-20 00:00:00	310335.7442393723	1.2706905040376515
2021-02-21 00:00:00	310335.75907333824	1.2083032718861888
2021-02-22 00:00:00	310335.7731923746	1.148979078188853
2021-02-23 00:00:00	310335.7866306507	1.0925675357984543
2021-02-24 00:00:00	310335.79942072317	1.0389256412325165
2021-02-25 00:00:00	310335.8115936106	0.9879174121474574
2021-02-26 00:00:00	310335.82317886484	0.9394135426126434
2021-02-27 00:00:00	310335.83420463896	0.8932910753103092
2021-02-28 00:00:00	310335.8446977524	0.8494330898302509
2021-03-01 00:00:00	232751.89673232828	0.7993622185391331
2021-03-02 00:00:00	232751.90370811993	0.7612044427921537
2021-03-03 00:00:00	232751.91033370787	0.7247608826913072
2021-03-04 00:00:00	232751.9166276135	0.6899930028299708
2021-03-05 00:00:00	232751.92260708477	0.656848467550094
2021-03-06 00:00:00	232751.92828828323	0.6252673732936387
2021-03-07 00:00:00	232751.9336864173	0.5951861992167924
2021-03-08 00:00:00	232751.93881584058	0.5665402928599687
2021-03-09 00:00:00	232751.94369012694	0.5392654145022645
2021-03-10 00:00:00	232751.94832213028	0.5132986775683416
2021-03-11 00:00:00	232751.9527240335	0.48857910240663455
2021-03-12 00:00:00	232751.95690739088	0.4650479233858137
2021-03-13 00:00:00	232751.96088316472	0.4426487393916528
2021-03-14 00:00:00	232751.96466175854	0.4213275656721839
2021-03-15 00:00:00	232751.96825304735	0.4010328242719395
2021-03-16 00:00:00	232751.97166640565	0.3817152969528326
2021-03-17 00:00:00	232751.97491073346	0.36332805590710093
2021-03-18 00:00:00	232751.97799448099	0.3458263820317916
2021-03-19 00:00:00	232751.98092567147	0.32916767697146315
2021-03-20 00:00:00	232751.98371192318	0.3133113728436874
2021-03-21 00:00:00	232751.98636047004	0.2982188420886309
2021-03-22 00:00:00	232751.98887818126	0.283853308938364
2021-03-23 00:00:00	232751.99127157964	0.27017976339573424
2021-03-24 00:00:00	232751.99354685948	0.257164878225757
2021-03-25 00:00:00	232751.99570990307	0.24477692921652341
2021-03-26 00:00:00	232751.9977662967	0.2329857188112932
2021-03-27 00:00:00	232751.99972134564	0.22176250311644083
2021-03-28 00:00:00	232752.00158008828	0.21107992223029778
2021-03-29 00:00:00	232752.00334731003	0.20091193380233371
2021-03-30 00:00:00	232752.00502755595	0.1912337497117876
2021-03-31 00:00:00	232752.00662514276	0.1820217757443196
2021-04-01 00:00:00	232752.00662514276	0.1820217757443196
2021-04-02 00:00:00	232752.0081441709	0.173253554140838
2021-04-03 00:00:00	232752.00958853506	0.1649077088921329
2021-04-04 00:00:00	232752.01096193495	0.15696389365475746
2021-04-05 00:00:00	232752.01226788497	0.14940274216686786
2021-04-06 00:00:00	232752.01350972365	0.1422058210467952
2021-04-07 00:00:00	232752.01469062266	0.13535558486164337
2021-04-08 00:00:00	232752.015813595	0.12883533335788985
2021-04-09 00:00:00	232752.01688150357	0.12262917075069725
2021-04-10 00:00:00	232752.017897068	0.11672196697332424
2021-04-11 00:00:00	232752.01886287244	0.11109932079256493
2021-04-12 00:00:00	232752.0197813722	0.10574752470056067
2021-04-13 00:00:00	232752.0206549004	0.10065353149755629
2021-04-14 00:00:00	232752.02148567396	0.09580492248424664
2021-04-15 00:00:00	232752.0222757994	0.09118987718623327
2021-04-16 00:00:00	232752.02302727854	0.08679714453682962
2021-04-17 00:00:00	232752.02374201393	0.08261601544798523
2021-04-18 00:00:00	232752.02442181343	0.07863629670248225
2021-04-19 00:00:00	232752.0250683952	0.07484828610376286
2021-04-20 00:00:00	232752.0256833923	0.07124274882281527
2021-04-21 00:00:00	232752.0262683567	0.06781089488445463
2021-04-22 00:00:00	232752.0268247637	0.06454435773811946
2021-04-23 00:00:00	232752.02735401527	0.06143517386094038
2021-04-24 00:00:00	232752.02785744416	0.058475763343354505
2021-04-25 00:00:00	232752.02833631722	0.05565891140993915
2021-04-26 00:00:00	232752.02879183865	0.05297775083041124
2021-04-27 00:00:00	232752.0292251531	0.0504257451779141
2021-04-28 00:00:00	232752.02963734878	0.047996672893774385
2021-04-29 00:00:00	232752.0300294602	0.04568461211988308
2021-04-30 00:00:00	232752.03040247073	0.04348392626172103
2021-05-01 00:00:00	155168.0208997357	0.04094969176855234
2021-05-02 00:00:00	155168.02111296766	0.03901292483717307
2021-05-03 00:00:00	155168.0213151664	0.03716212793637885
2021-05-04 00:00:00	155168.02150696097	0.03539552719993254
2021-05-05 00:00:00	155168.02168892705	0.033710596222100854
2021-05-06 00:00:00	155168.02186159705	0.03210439288372537
2021-05-07 00:00:00	155168.0220254672	0.030573771869414516
2021-05-08 00:00:00	155168.02218100225	0.029115517821997935
2021-05-09 00:00:00	155168.02232863932	0.027726427789483185
2021-05-10 00:00:00	155168.0224687903	0.026403361318659543
2021-05-11 00:00:00	155168.02260184404	0.02514326994805839
2021-05-12 00:00:00	155168.02272816814	0.02394321362584838
2021-05-13 00:00:00	155168.0228481104	0.022800368868278024
2021-05-14 00:00:00	155168.0229619999	0.02171203173857189
2021-05-15 00:00:00	155168.02307014834	0.02067561761436614
2021-05-16 00:00:00	155168.0231728508	0.019688658999615454
2021-05-17 00:00:00	155168.0231728508	0.019688658999615454
2021-05-18 00:00:00	155168.02327038688	0.01874880218083214
2021-05-19 00:00:00	155168.0233630216	0.017853803235526006
2021-05-20 00:00:00	155168.02345100584	0.017001523713834652
2021-05-21 00:00:00	155168.0235345775	0.016189926194804756
2021-05-22 00:00:00	155168.0236139621	0.015417069842399916
2021-05-23 00:00:00	155168.02368937313	0.014681106037553435
2021-05-24 00:00:00	155168.02376101323	0.013980274131530341
2021-05-25 00:00:00	155168.02382907434	0.013312897346134864
2021-05-26 00:00:00	155168.0238937384	0.012677378833828568
2021-05-27 00:00:00	155168.023955178	0.012072197902986359
2021-05-28 00:00:00	155168.02401355671	0.011495906408649349
2021-05-29 00:00:00	155168.02406902958	0.010947125306153873
2021-05-30 00:00:00	155168.0241217438	0.01042454136324617
2021-05-31 00:00:00	155168.0241718387	0.009926904025284464
2021-06-01 00:00:00	77584.01224644996	0.009350048205508927
2021-06-02 00:00:00	77584.01226287046	0.008928228592291367
2021-06-03 00:00:00	77584.0122784031	0.008524195987481276
2021-06-04 00:00:00	77584.01229310854	0.008137642446898926
2021-06-05 00:00:00	77584.01230703939	0.0077680971220646195
2021-06-06 00:00:00	77584.01232024241	0.0074149960340557245
2021-06-07 00:00:00	77584.01233275993	0.0070777266746453365
2021-06-08 00:00:00	77584.01234463062	0.006755656359467739
2021-06-09 00:00:00	77584.01235589027	0.006448150081011146
2021-06-10 00:00:00	77584.01236657219	0.006154581583467586
2021-06-11 00:00:00	77584.01237670759	0.005874340069326349
2021-06-12 00:00:00	77584.01238632564	0.00560683409770082
2021-06-13 00:00:00	77584.01239545394	0.005351493683906283
2021-06-14 00:00:00	77584.01240411834	0.005107771253279057
2021-06-15 00:00:00	77584.01241234336	0.0048751418713293545
2021-06-16 00:00:00	77584.0124201521	0.004653103022796896
2021-06-17 00:00:00	77584.01242756635	0.004441174115360702
2021-06-18 00:00:00	77584.01243460676	0.004238895821079804
2021-06-19 00:00:00	77584.01244129283	0.004045829328076884
2021-06-20 00:00:00	77584.012447643	0.003861555548735072
2021-06-21 00:00:00	77584.01245367475	0.0036856743137161974
2021-06-22 00:00:00	77584.01245940453	0.0035178035701390973
2021-06-23 00:00:00	77584.01246484804	0.003357578595197248
2021-06-24 00:00:00	77584.01247001997	0.0032046512319376685
2021-06-25 00:00:00	77584.01247493435	0.003058689151002287
2021-06-26 00:00:00	77584.01247960447	0.0029193751402649586
2021-06-27 00:00:00	77584.01248404279	0.002786406423111736
2021-06-28 00:00:00	77584.01248826123	0.0026594940053675424
2021-06-29 00:00:00	77584.01249227098	0.00253836205041089
2021-06-30 00:00:00	77584.01249608277	0.0024227472817416676
2021-07-01 00:00:00	77584.01249970659	0.0023123984121067717
2021-07-02 00:00:00	77584.01250315203	0.002207075598203991
2021-07-03 00:00:00	77584.01250642816	0.0021065499199485276
2021-07-04 00:00:00	77584.0125095435	0.002010602883279609
2021-07-05 00:00:00	77584.01251250619	0.001919025945497855
2021-07-06 00:00:00	77584.01251532395	0.0018316200621475963
2021-07-07 00:00:00	77584.01251800406	0.001748195254488981
2021-07-08 00:00:00	77584.01252055343	0.001668570196639317
2021-07-09 00:00:00	77584.0125229786	0.0015925718214985002
2021-07-10 00:00:00	77584.01252528583	0.0015200349446103346
2021-07-11 00:00:00	77584.01252748098	0.0014508019051473434
2021-07-12 00:00:00	77584.01252956965	0.0013847222232420658
2021-07-13 00:00:00	77584.01253155713	0.0013216522729224388
2021-07-14 00:00:00	77584.01253344846	0.0012614549699415712
2021-07-15 00:00:00	77584.0125352484	0.0012039994738245194
2021-07-16 00:00:00	77584.0125369615	0.001149160903484962
2021-07-17 00:00:00	77584.0125369615	0.001149160903484962
2021-07-18 00:00:00	77584.01253859203	0.0010968200657939995
2021-07-19 00:00:00	77584.01254014407	0.001046863196511517
2021-07-20 00:00:00	77584.0125416215	0.0009991817130169884
2021-07-21 00:00:00	77584.01254302799	0.000953671978302575
2021-07-22 00:00:00	77584.012544367	0.0009102350757154388
2021-07-23 00:00:00	77584.01254564186	0.0008687765939598514
2021-07-24 00:00:00	77584.01254685571	0.0008292064218917647
2021-07-25 00:00:00	77584.01254801157	0.0007914385526598031
2021-07-26 00:00:00	77584.0125491122	0.0007553908967670705
2021-07-27 00:00:00	77584.01255016033	0.0007209851036474164
2021-07-28 00:00:00	77584.01255115852	0.000688146391368322
2021-07-29 00:00:00	77584.0125521092	0.0006568033840903631
2021-07-30 00:00:00	77584.01255301465	0.0006268879569298453
2021-07-31 00:00:00	77584.0125538771	0.000598335087887535
2021-08-01 00:00:00	77584.01255469861	0.0005710827165215427
2021-08-02 00:00:00	77584.01255548117	0.0005450716090572646
2021-08-03 00:00:00	77584.01255622663	0.0005202452296411614
2021-08-04 00:00:00	77584.01255693684	0.0004965496174585122
2021-08-05 00:00:00	77584.01255761345	0.00047393326944812885
2021-08-06 00:00:00	77584.01255825811	0.00045234702835902414
2021-08-07 00:00:00	77584.01255887229	0.0004317439759057891
2021-08-08 00:00:00	77584.01255945751	0.00041207933079042146
2021-08-09 00:00:00	77584.01256001515	0.000393310351368933
2021-08-10 00:00:00	77584.01256054654	0.0003753962427512335
2021-08-11 00:00:00	77584.01256105292	0.00035829806813230606
2021-08-12 00:00:00	77584.01256153549	0.00034197866416200165
2021-08-13 00:00:00	77584.01256199538	0.0003264025601694859
2021-08-14 00:00:00	77584.01256243367	0.00031153590106675224
2021-08-15 00:00:00	77584.01256285142	0.0002973463737636758
2021-08-16 00:00:00	77584.01256324956	0.0002838031369346143
2021-08-17 00:00:00	77584.01256362905	0.00027087675398395527
2021-08-18 00:00:00	77584.01256399078	0.0002585391290648593
2021-08-19 00:00:00	77584.01256433556	0.00024676344601217315
2021-08-20 00:00:00	77584.01256466421	0.00023552411005676394
2021-08-21 00:00:00	77584.01256497753	0.00022479669219458107
2021-08-22 00:00:00	77584.01256527619	0.0002145578760895512
2021-08-23 00:00:00	77584.01256556094	0.00020478540739488706
2021-08-24 00:00:00	77584.0125658324	0.00019545804538264808
2021-08-25 00:00:00	77584.01256609119	0.00018655551677644575
2021-08-26 00:00:00	77584.01256633793	0.00017805847168691444
2021-08-27 00:00:00	77584.01256657318	0.00016994844155420534
2021-08-28 00:00:00	77584.01256679746	0.00016220779900605982
2021-08-29 00:00:00	77584.0125670113	0.00015481971954423642
2021-08-30 00:00:00	77584.01256721522	0.00014776814497600627
2021-08-31 00:00:00	77584.01256740966	0.0001410377485112266
2021-09-01 00:00:00	155168.0251312532	0.0001360964351762334
2021-09-02 00:00:00	155168.02513178522	0.0001295326521257692
2021-09-03 00:00:00	155168.02513229373	0.00012330407744892094
2021-09-04 00:00:00	155168.02513277956	0.00011738694901480419
2021-09-05 00:00:00	155168.02513324365	0.00011176142491107073
2021-09-06 00:00:00	155168.0251336868	0.00010641039427096662
2021-09-07 00:00:00	155168.02513410995	0.0001013187057137173
2021-09-08 00:00:00	155168.02513451397	9.647266315653051e-05
2021-09-09 00:00:00	155168.02513489965	9.185969334093915e-05
2021-09-10 00:00:00	155168.02513526782	8.746812378783935e-05
2021-09-11 00:00:00	155168.02513561925	8.328703190892504e-05
2021-09-12 00:00:00	155168.02513595464	7.930614010627833e-05
2021-09-13 00:00:00	155168.02513627472	7.551574071806072e-05
2021-09-14 00:00:00	155168.02513658023	7.190664045487606e-05
2021-09-15 00:00:00	155168.02513687173	6.847011767689605e-05
2021-09-16 00:00:00	155168.02513687173	6.847011767689605e-05
2021-09-17 00:00:00	155168.0251371499	6.519788823577572e-05
2021-09-18 00:00:00	155168.0251374153	6.20820771265697e-05
2021-09-19 00:00:00	155168.0251376686	5.911519416986186e-05
2021-09-20 00:00:00	155168.02513791018	5.629011256949067e-05
2021-09-21 00:00:00	155168.02513814074	5.3600049592339094e-05
2021-09-22 00:00:00	155168.02513836065	5.103854887420174e-05
2021-09-23 00:00:00	155168.02513857043	4.859946402132072e-05
2021-09-24 00:00:00	155168.02513877052	4.627694328383531e-05
2021-09-25 00:00:00	155168.02513896138	4.4065415146272643e-05
2021-09-26 00:00:00	155168.02513914352	4.195957472488121e-05
2021-09-27 00:00:00	155168.02513931715	3.995437089073354e-05
2021-09-28 00:00:00	155168.02513948278	3.8044994056693436e-05
2021-09-29 00:00:00	155168.02513964073	3.62268645790849e-05
2021-09-30 00:00:00	155168.0251397914	3.449562173352115e-05
2021-10-01 00:00:00	232752.03770942747	3.319969774376784e-05
2021-10-02 00:00:00	232752.03770964796	3.158598940202973e-05
2021-10-03 00:00:00	232752.03770985888	3.0055147050550443e-05
2021-10-04 00:00:00	232752.03771006048	2.860135477336896e-05
2021-10-05 00:00:00	232752.03771025324	2.7219725360340194e-05
2021-10-06 00:00:00	232752.03771043743	2.5906024886197573e-05
2021-10-07 00:00:00	232752.03771061345	2.4656492715191942e-05
2021-10-08 00:00:00	232752.0377107816	2.3467722968711096e-05
2021-10-09 00:00:00	232752.0377109423	2.233658573047505e-05
2021-10-10 00:00:00	232752.03771109582	2.1260173980201136e-05
2021-10-11 00:00:00	232752.03771124242	2.0235767220509405e-05
2021-10-12 00:00:00	232752.03771138247	1.926080596805561e-05
2021-10-13 00:00:00	232752.0377115162	1.833287334672518e-05
2021-10-14 00:00:00	232752.03771164396	1.7449681353165527e-05
2021-10-15 00:00:00	232752.0377117659	1.660906022399928e-05
2021-10-16 00:00:00	232752.03771188238	1.580894988800095e-05
2021-10-17 00:00:00	232752.0377119936	1.5047392843764768e-05
2021-10-18 00:00:00	232752.0377120997	1.4322528033912162e-05
2021-10-19 00:00:00	232752.03771220104	1.363258543551493e-05
2021-10-20 00:00:00	232752.03771229778	1.2975881182575599e-05
2021-10-21 00:00:00	232752.03771239013	1.2350813098442196e-05
2021-10-22 00:00:00	232752.0377124782	1.1755856556212227e-05
2021-10-23 00:00:00	232752.03771256228	1.1189560611240682e-05
2021-10-24 00:00:00	232752.03771264252	1.065054436680497e-05
2021-10-25 00:00:00	232752.0377127191	1.0137493545041442e-05
2021-10-26 00:00:00	232752.03771279214	9.649157242530474e-06
2021-10-27 00:00:00	232752.03771286187	9.184344854716293e-06
2021-10-28 00:00:00	232752.03771292834	8.741923156568658e-06
2021-10-29 00:00:00	232752.03771299176	8.320813529085809e-06
2021-10-30 00:00:00	232752.0377130523	7.919989322759682e-06
2021-10-31 00:00:00	232752.03771311007	7.538473350212523e-06
2021-11-01 00:00:00	232752.03771311007	7.538473350212523e-06
2021-11-02 00:00:00	232752.03771316513	7.175335501012006e-06
2021-11-03 00:00:00	232752.03771321767	6.829690472283516e-06
2021-11-04 00:00:00	232752.0377132677	6.500695609221649e-06
2021-11-05 00:00:00	232752.0377133155	6.187548850000799e-06
2021-11-06 00:00:00	232752.0377133611	5.889486769922914e-06
2021-11-07 00:00:00	232752.03771340454	5.605782719936589e-06
2021-11-08 00:00:00	232752.03771344598	5.335745054925822e-06
2021-11-09 00:00:00	232752.03771348548	5.078715447409199e-06
2021-11-10 00:00:00	232752.03771352314	4.834067282511741e-06
2021-11-11 00:00:00	232752.0377135591	4.601204130279829e-06
2021-11-12 00:00:00	232752.0377135933	4.379558291603942e-06
2021-11-13 00:00:00	232752.03771362596	4.168589414197241e-06
2021-11-14 00:00:00	232752.0377136571	3.967783175251517e-06
2021-11-15 00:00:00	232752.03771368673	3.776650027555669e-06
2021-11-16 00:00:00	232752.03771371505	3.5947240060184587e-06
2021-11-17 00:00:00	232752.037713742	3.4215615916843786e-06
2021-11-18 00:00:00	232752.03771376773	3.2567406304725837e-06
2021-11-19 00:00:00	232752.0377137922	3.0998593040023344e-06
2021-11-20 00:00:00	232752.03771381555	2.9505351499956e-06
2021-11-21 00:00:00	232752.03771383778	2.8084041298684236e-06
2021-11-22 00:00:00	232752.03771385897	2.6731197412378924e-06
2021-11-23 00:00:00	232752.03771387922	2.544352173180743e-06
2021-11-24 00:00:00	232752.03771389843	2.4217875021844885e-06
2021-11-25 00:00:00	232752.03771391683	2.3051269268305685e-06
2021-11-26 00:00:00	232752.03771393432	2.194086039343839e-06
2021-11-27 00:00:00	232752.037713951	2.0883941322324738e-06
2021-11-28 00:00:00	232752.03771396686	1.9877935383278986e-06
2021-11-29 00:00:00	232752.037713982	1.892039002615909e-06
2021-11-30 00:00:00	232752.0377139964	1.800897084327374e-06
2021-12-01 00:00:00	310336.05028533045	1.7320859701843748e-06
2021-12-02 00:00:00	310336.0502853485	1.6462944633940215e-06
2021-12-03 00:00:00	310336.05028536555	1.564981575188616e-06
2021-12-04 00:00:00	310336.05028538185	1.487832862579574e-06
2021-12-05 00:00:00	310336.0502853974	1.4145828784725666e-06
2021-12-06 00:00:00	310336.0502854123	1.3450008466885318e-06
2021-12-07 00:00:00	310336.05028542643	1.2788812838956411e-06
2021-12-08 00:00:00	310336.05028543994	1.2160378048559143e-06
2021-12-09 00:00:00	310336.05028545286	1.1562989887967685e-06
2021-12-10 00:00:00	310336.05028546514	1.0995055824508713e-06
2021-12-11 00:00:00	310336.0502854769	1.0455085719689333e-06
2021-12-12 00:00:00	310336.05028548813	9.941678215401868e-07
2021-12-13 00:00:00	310336.05028549884	9.453510834467708e-07
2021-12-14 00:00:00	310336.0502855089	8.989332532655775e-07
2021-12-15 00:00:00	310336.0502855187	8.54795788460797e-07
2021-12-16 00:00:00	310336.0502855279	8.128262373564495e-07
2021-12-17 00:00:00	310336.0502855367	7.729178440401786e-07
2021-12-18 00:00:00	310336.0502855452	7.349692067383643e-07
2021-12-19 00:00:00	310336.0502855531	6.988839749504421e-07
2021-12-20 00:00:00	310336.05028556084	6.645705756400081e-07
2021-12-21 00:00:00	310336.0502855681	6.319419620236113e-07
2021-12-22 00:00:00	310336.05028557504	6.009153806002405e-07
2021-12-23 00:00:00	310336.0502855817	5.714121534306354e-07
2021-12-24 00:00:00	310336.0502855879	5.433574735654799e-07
2021-12-25 00:00:00	310336.0502855939	5.166802121045442e-07
2021-12-26 00:00:00	310336.05028559966	4.913127357526573e-07
2021-12-27 00:00:00	310336.0502856051	4.671907339939711e-07
2021-12-28 00:00:00	310336.0502856103	4.442530551777937e-07
2021-12-29 00:00:00	310336.05028561526	4.224415509272929e-07
2021-12-30 00:00:00	310336.05028562	4.017009283647606e-07
2021-12-31 00:00:00	310336.0502856245	3.819786097067703e-07
2022-01-01 00:00:00	310336.05028562876	3.6322459882667525e-07
2022-01-02 00:00:00	310336.0502856329	3.453913544162225e-07
2022-01-03 00:00:00	310336.0502856368	3.2843366940529706e-07
2022-01-04 00:00:00	310336.0502856404	3.1230855632167804e-07
2022-01-05 00:00:00	310336.0502856439	2.9697513829197776e-07
2022-01-06 00:00:00	310336.05028564733	2.823945454027404e-07
2022-01-07 00:00:00	310336.05028565053	2.6852981615490894e-07
2022-01-08 00:00:00	310336.05028565356	2.5534580376008246e-07
2022-01-09 00:00:00	310336.0502856565	2.4280908703958673e-07
2022-01-10 00:00:00	310336.0502856592	2.3088788569959313e-07
2022-01-11 00:00:00	310336.0502856619	2.1955197976687786e-07
2022-01-12 00:00:00	310336.0502856643	2.0877263298066335e-07
2022-01-13 00:00:00	310336.0502856668	1.985225199460564e-07
2022-01-14 00:00:00	310336.050285669	1.887756568643027e-07
2022-01-15 00:00:00	310336.050285669	1.887756568643027e-07
2022-01-16 00:00:00	310336.0502856712	1.7950733566412128e-07
2022-01-17 00:00:00	310336.05028567323	1.7069406136711426e-07
2022-01-18 00:00:00	310336.05028567516	1.6231349252839876e-07
2022-01-19 00:00:00	310336.0502856771	1.5434438460148417e-07
2022-01-20 00:00:00	310336.0502856789	1.4676653608377822e-07
2022-01-21 00:00:00	310336.0502856806	1.3956073730621968e-07
2022-01-22 00:00:00	310336.0502856822	1.327087217371855e-07
2022-01-23 00:00:00	310336.05028568377	1.2619311967725097e-07
2022-01-24 00:00:00	310336.0502856852	1.1999741422739137e-07
2022-01-25 00:00:00	310336.0502856866	1.1410589941902854e-07
2022-01-26 00:00:00	310336.0502856879	1.0850364039975764e-07
2022-01-27 00:00:00	310336.05028568924	1.0317643557384803e-07
2022-01-28 00:00:00	310336.05028569035	9.811078060152329e-08
2022-01-29 00:00:00	310336.05028569157	9.329383416577906e-08
2022-01-30 00:00:00	310336.0502856926	8.87133854199392e-08
2022-01-31 00:00:00	310336.05028569367	8.435782303344879e-08
2022-02-01 00:00:00	310336.0502856946	8.021610575741802e-08
2022-02-02 00:00:00	310336.0502856956	7.627773443531806e-08
2022-02-03 00:00:00	310336.0502856965	7.253272538786061e-08
2022-02-04 00:00:00	310336.05028569733	6.89715851046078e-08
2022-02-05 00:00:00	310336.05028569815	6.558528617814157e-08
2022-02-06 00:00:00	310336.050285699	6.236524441979997e-08
2022-02-07 00:00:00	310336.0502856997	5.9303297098956415e-08
2022-02-08 00:00:00	310336.0502857005	5.63916822506912e-08
2022-02-09 00:00:00	310336.050285701	5.362301899938896e-08
2022-02-10 00:00:00	310336.0502857017	5.099028884839409e-08
2022-02-11 00:00:00	310336.0502857023	4.8486817888283234e-08
2022-02-12 00:00:00	310336.0502857029	4.610625987866313e-08
2022-02-13 00:00:00	310336.05028570344	4.384258016059731e-08
2022-02-14 00:00:00	310336.05028570397	4.1690040358888784e-08
2022-02-15 00:00:00	310336.0502857045	3.964318383543095e-08
2022-02-16 00:00:00	310336.0502857049	3.7696821856759436e-08
2022-02-17 00:00:00	310336.0502857053	3.584602044073214e-08
2022-02-18 00:00:00	310336.0502857058	3.408608784900138e-08
2022-02-19 00:00:00	310336.0502857062	3.241256269356599e-08
2022-02-20 00:00:00	310336.05028570653	3.082120262725672e-08
2022-02-21 00:00:00	310336.0502857069	2.930797358948566e-08
2022-02-22 00:00:00	310336.0502857073	2.7869039579997213e-08
2022-02-23 00:00:00	310336.05028570764	2.6500752934696682e-08
2022-02-24 00:00:00	310336.05028570787	2.5199645078906734e-08
2022-02-25 00:00:00	310336.0502857083	2.3962417734611975e-08
2022-02-26 00:00:00	310336.05028570845	2.2785934559401475e-08
2022-02-27 00:00:00	310336.0502857087	2.1667213195913728e-08
2022-02-28 00:00:00	310336.05028570903	2.0603417711630188e-08
2022-03-01 00:00:00	232752.03771428208	1.9388925395621126e-08
2022-03-02 00:00:00	232752.03771428225	1.846339090422865e-08
2022-03-03 00:00:00	232752.03771428243	1.7579435387021445e-08
2022-03-04 00:00:00	232752.03771428255	1.673612416311768e-08
2022-03-05 00:00:00	232752.03771428275	1.593218782601868e-08
2022-03-06 00:00:00	232752.03771428287	1.516617340256089e-08
2022-03-07 00:00:00	232752.037714283	1.4436540177961149e-08
2022-03-08 00:00:00	232752.03771428313	1.3741719987582664e-08
2022-03-09 00:00:00	232752.03771428321	1.3080154676417886e-08
2022-03-10 00:00:00	232752.03771428336	1.2450318909394105e-08
2022-03-11 00:00:00	232752.03771428348	1.1850733603729465e-08
2022-03-12 00:00:00	232752.03771428356	1.1279973377851118e-08
2022-03-13 00:00:00	232752.03771428365	1.0736670201885227e-08
2022-03-14 00:00:00	232752.03771428374	1.0219514655277419e-08
2022-03-15 00:00:00	232752.03771428383	9.727255694834974e-09
2022-03-16 00:00:00	232752.03771428394	9.258699512873699e-09
2022-03-17 00:00:00	232752.037714284	8.812707856687244e-09
2022-03-18 00:00:00	232752.03771428412	8.388196046308059e-09
2022-03-19 00:00:00	232752.03771428418	7.9841308411081e-09
2022-03-20 00:00:00	232752.03771428423	7.599528250189894e-09
2022-03-21 00:00:00	232752.0377142843	7.233451345783564e-09
2022-03-22 00:00:00	232752.03771428435	6.88500811592687e-09
2022-03-23 00:00:00	232752.0377142844	6.553349378013054e-09
2022-03-24 00:00:00	232752.03771428444	6.237666765405644e-09
2022-03-25 00:00:00	232752.03771428452	5.937190793354048e-09
2022-03-26 00:00:00	232752.03771428458	5.651189006676442e-09
2022-03-27 00:00:00	232752.03771428464	5.378964209323181e-09
2022-03-28 00:00:00	232752.03771428464	5.1198527744881765e-09
2022-03-29 00:00:00	232752.03771428476	4.873223033071778e-09
2022-03-30 00:00:00	232752.03771428476	4.6384737378054846e-09
2022-03-31 00:00:00	232752.03771428482	4.4150326000937334e-09
2022-04-01 00:00:00	232752.03771428482	4.4150326000937334e-09
2022-04-02 00:00:00	232752.03771428482	4.202354896520266e-09
2022-04-03 00:00:00	232752.03771428487	3.999922141953975e-09
2022-04-04 00:00:00	232752.03771428487	3.80724082623329e-09
2022-04-05 00:00:00	232752.03771428493	3.6238412114871864e-09
2022-04-06 00:00:00	232752.037714285	3.449276187249643e-09
2022-04-07 00:00:00	232752.03771428496	3.2831201806338426e-09
2022-04-08 00:00:00	232752.037714285	3.1249681189458473e-09
2022-04-09 00:00:00	232752.03771428505	2.9744344422329074e-09
2022-04-10 00:00:00	232752.03771428505	2.8311521633741026e-09
2022-04-11 00:00:00	232752.0377142851	2.6947719734319526e-09
2022-04-12 00:00:00	232752.0377142851	2.564961390090242e-09
2022-04-13 00:00:00	232752.03771428516	2.441403947106147e-09
2022-04-14 00:00:00	232752.03771428516	2.32379842280334e-09
2022-04-15 00:00:00	232752.03771428516	2.2118581057267232e-09
2022-04-16 00:00:00	232752.03771428522	2.105310095669886e-09
2022-04-17 00:00:00	232752.03771428528	2.0038946383717688e-09
2022-04-18 00:00:00	232752.03771428528	1.9073644922611154e-09
2022-04-19 00:00:00	232752.03771428528	1.815484325705186e-09
2022-04-20 00:00:00	232752.03771428534	1.7280301432934563e-09
2022-04-21 00:00:00	232752.03771428534	1.6447887397577629e-09
2022-04-22 00:00:00	232752.03771428534	1.5655571801977195e-09
2022-04-23 00:00:00	232752.03771428537	1.4901423053441715e-09
2022-04-24 00:00:00	232752.03771428534	1.4183602606547676e-09
2022-04-25 00:00:00	232752.03771428534	1.3500360480935044e-09
2022-04-26 00:00:00	232752.03771428534	1.2850030995007353e-09
2022-04-27 00:00:00	232752.03771428534	1.2231028705168915e-09
2022-04-28 00:00:00	232752.03771428534	1.1641844540657854e-09
2022-04-29 00:00:00	232752.03771428534	1.1081042124564225e-09
2022-04-30 00:00:00	232752.03771428534	1.0547254272074712e-09
2022-05-01 00:00:00	155168.0251428569	9.932562443879478e-10
2022-05-02 00:00:00	155168.0251428569	9.462278595332382e-10
2022-05-03 00:00:00	155168.0251428569	9.012893286201334e-10
2022-05-04 00:00:00	155168.0251428569	8.583974410298712e-10
2022-05-05 00:00:00	155168.0251428569	8.174906776185883e-10
2022-05-06 00:00:00	155168.0251428569	7.784974112865026e-10
2022-05-07 00:00:00	155168.0251428569	7.413410816137692e-10
2022-05-08 00:00:00	155168.0251428569	7.059434352721192e-10
2022-05-09 00:00:00	155168.0251428569	6.72226531208058e-10
2022-05-10 00:00:00	155168.0251428569	6.401139580923233e-10
2022-05-11 00:00:00	155168.0251428569	6.095315504673314e-10
2022-05-12 00:00:00	155168.0251428569	5.804077868809953e-10
2022-05-13 00:00:00	155168.0251428569	5.526739872460372e-10
2022-05-14 00:00:00	155168.0251428569	5.262643843703914e-10
2022-05-15 00:00:00	155168.0251428569	5.011161175247329e-10
2022-05-16 00:00:00	155168.0251428569	5.011161175247329e-10
2022-05-17 00:00:00	155168.02514285687	4.771691785767868e-10
2022-05-18 00:00:00	155168.02514285687	4.5436633012525313e-10
2022-05-19 00:00:00	155168.02514285687	4.3265300796513675e-10
2022-05-20 00:00:00	155168.02514285687	4.1197721567396015e-10
2022-05-21 00:00:00	155168.02514285687	3.922894162044671e-10
2022-05-22 00:00:00	155168.02514285687	3.7354242351462147e-10
2022-05-23 00:00:00	155168.02514285687	3.5569129608252084e-10
2022-05-24 00:00:00	155168.02514285687	3.386932334005606e-10
2022-05-25 00:00:00	155168.02514285687	3.225074760649953e-10
2022-05-26 00:00:00	155168.02514285687	3.0709520977489243e-10
2022-05-27 00:00:00	155168.02514285687	2.924194733647289e-10
2022-05-28 00:00:00	155168.02514285687	2.7844507087714084e-10
2022-05-29 00:00:00	155168.02514285687	2.6513848761034415e-10
2022-05-30 00:00:00	155168.02514285687	2.5246781003200354e-10
2022-05-31 00:00:00	155168.02514285687	2.404026494271135e-10
